Creation_Time,Sensor_Time,Arrival_Time,x,y,z
945403881000,945404,1398519217765,9.765789,0.23154591,0.50395286
945444003000,945444,1398519217806,9.80665,0.23154591,0.50395286
945483942000,945484,1398519217846,9.80665,0.19068487,0.50395286
945523851000,945524,1398519217885,9.765789,0.19068487,0.42223078
945563790000,945564,1398519217925,9.847511,0.23154591,0.50395286
945603851000,945604,1398519217965,9.765789,0.23154591,0.46309182
945644552000,945645,1398519218006,9.765789,0.19068487,0.50395286
945685527000,945686,1398519218047,9.80665,0.23154591,0.50395286
945722296000,945722,1398519218084,9.765789,0.19068487,0.46309182
945752753000,945755,1398519218117,9.80665,0.23154591,0.50395286
945794064000,945794,1398519218156,9.765789,0.27240697,0.53119355
945833851000,945834,1398519218195,9.765789,0.23154591,0.50395286
945873668000,945874,1398519218235,9.80665,0.23154591,0.46309182
945913515000,945914,1398519218275,9.765789,0.23154591,0.50395286
945953698000,945954,1398519218315,9.765789,0.27240697,0.46309182
945993851000,945994,1398519218355,9.765789,0.27240697,0.50395286
946034765000,946035,1398519218396,9.80665,0.23154591,0.46309182
946072265000,946072,1398519218434,9.765789,0.23154591,0.50395286
946112723000,946113,1398519218474,9.765789,0.23154591,0.53119355
946143027000,946145,1398519218507,9.80665,0.19068487,0.50395286
946184399000,946185,1398519218546,9.80665,0.23154591,0.46309182
946223942000,946224,1398519218585,9.80665,0.23154591,0.50395286
946264003000,946264,1398519218626,9.847511,0.27240697,0.5720546
946304003000,946304,1398519218666,9.80665,0.19068487,0.50395286
946344003000,946344,1398519218706,9.847511,0.23154591,0.53119355
946384003000,946384,1398519218746,9.80665,0.19068487,0.50395286
946423973000,946424,1398519218786,9.80665,0.23154591,0.50395286
946464095000,946464,1398519218826,9.80665,0.19068487,0.46309182
946504125000,946504,1398519218866,9.765789,0.23154591,0.50395286
946583454000,946584,1398519218945,9.80665,0.27240697,0.50395286
946622601000,946623,1398519218984,9.765789,0.23154591,0.53119355
946662357000,946663,1398519219024,9.765789,0.19068487,0.50395286
946702387000,946703,1398519219064,9.80665,0.23154591,0.53119355
946732723000,946735,1398519219097,9.765789,0.23154591,0.50395286
946853271000,946853,1398519219215,9.765789,0.27240697,0.50395286
946892418000,946893,1398519219254,9.80665,0.23154591,0.50395286
946932265000,946932,1398519219294,9.80665,0.23154591,0.53119355
946972387000,946973,1398519219334,9.80665,0.19068487,0.53119355
947002997000,947005,1398519219367,9.80665,0.23154591,0.50395286
947044247000,947044,1398519219406,9.80665,0.19068487,0.53119355
947084003000,947084,1398519219446,9.80665,0.23154591,0.53119355
947243363000,947244,1398519219605,9.765789,0.23154591,0.53119355
947283302000,947284,1398519219645,9.765789,0.19068487,0.50395286
947323820000,947324,1398519219685,9.80665,0.23154591,0.50395286
947402875000,947403,1398519219764,9.765789,0.19068487,0.50395286
947482357000,947483,1398519219844,9.765789,0.23154591,0.53119355
947522296000,947522,1398519219884,9.765789,0.23154591,0.50395286
947552692000,947555,1398519219916,9.765789,0.23154591,0.5720546
947593912000,947594,1398519219955,9.80665,0.19068487,0.53119355
947634918000,947635,1398519219996,9.80665,0.23154591,0.53119355
947672387000,947673,1398519220034,9.80665,0.19068487,0.50395286
947712296000,947712,1398519220074,9.765789,0.23154591,0.50395286
947782753000,947785,1398519220147,9.80665,0.23154591,0.50395286
947863942000,947864,1398519220226,9.765789,0.23154591,0.50395286
947904003000,947904,1398519220266,9.765789,0.23154591,0.46309182
947983454000,947984,1398519220345,9.765789,0.19068487,0.50395286
948023515000,948024,1398519220385,9.765789,0.23154591,0.50395286
948062601000,948063,1398519220424,9.765789,0.23154591,0.46309182
948102387000,948103,1398519220464,9.765789,0.27240697,0.46309182
948142387000,948143,1398519220504,9.765789,0.23154591,0.46309182
948182448000,948183,1398519220544,9.765789,0.23154591,0.50395286
948212692000,948215,1398519220577,9.765789,0.19068487,0.50395286
948254034000,948254,1398519220616,9.765789,0.23154591,0.53119355
948294034000,948294,1398519220656,9.765789,0.23154591,0.50395286
948335040000,948335,1398519220697,9.80665,0.19068487,0.53119355
948372723000,948373,1398519220734,9.765789,0.23154591,0.53119355
948412326000,948413,1398519220774,9.80665,0.19068487,0.50395286
948452265000,948452,1398519220814,9.80665,0.23154591,0.50395286
948522845000,948525,1398519220887,9.765789,0.23154591,0.50395286
948564796000,948565,1398519220926,9.765789,0.23154591,0.53119355
948603973000,948604,1398519220966,9.80665,0.23154591,0.50395286
948644064000,948644,1398519221006,9.765789,0.19068487,0.46309182
948683546000,948684,1398519221045,9.80665,0.19068487,0.50395286
948763759000,948764,1398519221125,9.80665,0.19068487,0.53119355
948804735000,948805,1398519221166,9.80665,0.23154591,0.53119355
948842448000,948843,1398519221204,9.80665,0.23154591,0.46309182
948882296000,948883,1398519221244,9.80665,0.23154591,0.53119355
948912723000,948913,1398519221274,9.80665,0.19068487,0.50395286
948994003000,948994,1398519221356,9.765789,0.19068487,0.53119355
949034186000,949034,1398519221396,9.765789,0.23154591,0.50395286
949074186000,949074,1398519221436,9.80665,0.27240697,0.53119355
949114064000,949114,1398519221476,9.765789,0.23154591,0.50395286
949312296000,949313,1398519221674,9.765789,0.23154591,0.53119355
949352479000,949353,1398519221714,9.724928,0.23154591,0.53119355
949382814000,949383,1398519221744,9.765789,0.19068487,0.50395286
949424796000,949425,1398519221786,9.765789,0.23154591,0.53119355
949464156000,949464,1398519221826,9.765789,0.27240697,0.46309182
949504125000,949504,1398519221866,9.765789,0.27240697,0.50395286
949544308000,949544,1398519221906,9.765789,0.23154591,0.53119355
949584308000,949585,1398519221946,9.765789,0.23154591,0.46309182
949624125000,949624,1398519221986,9.765789,0.27240697,0.50395286
949664186000,949664,1398519222026,9.765789,0.23154591,0.46309182
949704125000,949704,1398519222066,9.724928,0.23154591,0.50395286
949744156000,949744,1398519222106,9.765789,0.19068487,0.50395286
949784186000,949784,1398519222146,9.765789,0.23154591,0.53119355
949824125000,949824,1398519222186,9.765789,0.23154591,0.50395286
949864247000,949864,1398519222226,9.765789,0.27240697,0.50395286
949904338000,949905,1398519222266,9.765789,0.23154591,0.50395286
949944156000,949944,1398519222306,9.765789,0.23154591,0.46309182
949984308000,949984,1398519222346,9.765789,0.27240697,0.50395286
950024125000,950024,1398519222386,9.765789,0.23154591,0.50395286
950064247000,950064,1398519222426,9.724928,0.27240697,0.50395286
950104156000,950104,1398519222466,9.724928,0.27240697,0.46309182
950144186000,950144,1398519222506,9.724928,0.23154591,0.50395286
950184125000,950184,1398519222546,9.724928,0.23154591,0.46309182
950304064000,950304,1398519222666,9.765789,0.27240697,0.46309182
950383881000,950384,1398519222745,9.765789,0.19068487,0.50395286
950424186000,950424,1398519222786,9.724928,0.23154591,0.46309182
950503912000,950504,1398519222865,9.765789,0.27240697,0.50395286
950544247000,950544,1398519222906,9.724928,0.23154591,0.50395286
950584369000,950585,1398519222946,9.724928,0.23154591,0.46309182
950624338000,950625,1398519222986,9.724928,0.27240697,0.42223078
950664186000,950664,1398519223026,9.724928,0.23154591,0.50395286
950743942000,950744,1398519223106,9.765789,0.23154591,0.50395286
950784918000,950785,1398519223146,9.765789,0.27240697,0.46309182
950822509000,950823,1398519223184,9.80665,0.23154591,0.50395286
950862418000,950863,1398519223224,9.765789,0.23154591,0.46309182
950902448000,950903,1398519223264,9.765789,0.23154591,0.50395286
951002509000,951003,1398519223364,9.765789,0.19068487,0.50395286
951042265000,951042,1398519223404,9.724928,0.19068487,0.50395286
951074765000,951075,1398519223436,9.765789,0.19068487,0.50395286
951112296000,951112,1398519223474,9.765789,0.23154591,0.50395286
951192296000,951192,1398519223554,9.765789,0.27240697,0.46309182
951222997000,951231,1398519223585,9.765789,0.23154591,0.46309182
951272296000,951272,1398519223634,9.724928,0.23154591,0.42223078
951304430000,951305,1398519223666,9.724928,0.23154591,0.46309182
951384308000,951384,1398519223746,9.765789,0.19068487,0.50395286
951424247000,951424,1398519223786,9.765789,0.23154591,0.50395286
951464247000,951464,1398519223826,9.765789,0.23154591,0.46309182
951504247000,951504,1398519223866,9.724928,0.23154591,0.46309182
951544521000,951545,1398519223906,9.765789,0.27240697,0.46309182
951584491000,951585,1398519223946,9.765789,0.23154591,0.46309182
951624277000,951625,1398519223986,9.765789,0.27240697,0.46309182
951664277000,951664,1398519224026,9.765789,0.23154591,0.46309182
951744308000,951745,1398519224106,9.765789,0.19068487,0.50395286
951784308000,951785,1398519224146,9.724928,0.23154591,0.50395286
951864095000,951864,1398519224226,9.724928,0.23154591,0.46309182
951904613000,951905,1398519224266,9.765789,0.23154591,0.50395286
951944460000,951945,1398519224306,9.724928,0.23154591,0.50395286
951984277000,951984,1398519224346,9.765789,0.23154591,0.46309182
952024979000,952025,1398519224387,9.724928,0.19068487,0.46309182
952064308000,952065,1398519224426,9.724928,0.19068487,0.42223078
952104399000,952105,1398519224466,9.765789,0.23154591,0.46309182
952144338000,952145,1398519224506,9.724928,0.19068487,0.50395286
952184460000,952185,1398519224546,9.765789,0.23154591,0.46309182
952224552000,952225,1398519224586,9.724928,0.27240697,0.50395286
952264491000,952265,1398519224626,9.724928,0.23154591,0.50395286
952304308000,952305,1398519224666,9.724928,0.23154591,0.46309182
952344308000,952345,1398519224706,9.765789,0.23154591,0.50395286
952422936000,952423,1398519224785,9.765789,0.23154591,0.46309182
952463942000,952464,1398519224825,9.765789,0.19068487,0.46309182
952503759000,952504,1398519224865,9.765789,0.23154591,0.46309182
952543790000,952544,1398519224905,9.765789,0.23154591,0.53119355
952583759000,952584,1398519224945,9.765789,0.23154591,0.46309182
952623942000,952624,1398519224985,9.724928,0.23154591,0.46309182
952663668000,952664,1398519225025,9.724928,0.27240697,0.50395286
952703729000,952704,1398519225065,9.724928,0.23154591,0.46309182
952743485000,952744,1398519225105,9.765789,0.23154591,0.50395286
952782540000,952783,1398519225144,9.724928,0.23154591,0.46309182
952822326000,952823,1398519225184,9.724928,0.27240697,0.46309182
952862387000,952863,1398519225224,9.765789,0.23154591,0.50395286
952894796000,952895,1398519225256,9.724928,0.27240697,0.50395286
952933912000,952934,1398519225295,9.765789,0.23154591,0.46309182
952973698000,952974,1398519225335,9.765789,0.23154591,0.50395286
953013454000,953014,1398519225375,9.724928,0.19068487,0.53119355
953052326000,953053,1398519225414,9.765789,0.23154591,0.50395286
953132357000,953133,1398519225494,9.765789,0.23154591,0.46309182
953172296000,953172,1398519225534,9.765789,0.19068487,0.50395286
953203851000,953204,1398519225565,9.765789,0.19068487,0.46309182
953244826000,953245,1398519225606,9.765789,0.23154591,0.50395286
953282326000,953283,1398519225644,9.80665,0.23154591,0.5720546
953322387000,953323,1398519225684,9.765789,0.23154591,0.50395286
953352845000,953355,1398519225716,9.80665,0.23154591,0.50395286
953394277000,953394,1398519225756,9.765789,0.23154591,0.50395286
953512296000,953512,1398519225874,9.80665,0.23154591,0.46309182
953552265000,953552,1398519225914,9.80665,0.23154591,0.53119355
953592357000,953592,1398519225954,9.765789,0.27240697,0.50395286
953624704000,953625,1398519225986,9.765789,0.23154591,0.53119355
953702509000,953703,1398519226064,9.765789,0.23154591,0.50395286
953742357000,953743,1398519226104,9.765789,0.19068487,0.50395286
953782326000,953782,1398519226144,9.765789,0.19068487,0.53119355
953822387000,953823,1398519226184,9.765789,0.23154591,0.50395286
953852723000,953855,1398519226216,9.765789,0.27240697,0.50395286
953893942000,953894,1398519226255,9.80665,0.27240697,0.50395286
953972296000,953972,1398519226334,9.765789,0.23154591,0.50395286
954012296000,954012,1398519226374,9.765789,0.19068487,0.53119355
954052326000,954052,1398519226414,9.765789,0.27240697,0.50395286
954084765000,954085,1398519226446,9.724928,0.23154591,0.50395286
954123912000,954124,1398519226485,9.765789,0.23154591,0.53119355
954163790000,954164,1398519226525,9.765789,0.19068487,0.50395286
954242631000,954243,1398519226604,9.765789,0.23154591,0.50395286
954282265000,954283,1398519226644,9.765789,0.23154591,0.46309182
954322357000,954323,1398519226684,9.765789,0.23154591,0.53119355
954352692000,954355,1398519226716,9.765789,0.23154591,0.50395286
954393942000,954394,1398519226755,9.765789,0.23154591,0.46309182
954434156000,954434,1398519226796,9.765789,0.23154591,0.50395286
954474034000,954474,1398519226836,9.765789,0.23154591,0.46309182
954517631000,954518,1398519226879,9.724928,0.27240697,0.46309182
954553668000,954553,1398519226915,9.724928,0.23154591,0.50395286
954592143000,954592,1398519226953,9.724928,0.27240697,0.46309182
954632143000,954650,1398519227011,9.697687,0.27240697,0.46309182
954672387000,954672,1398519227034,9.724928,0.27240697,0.46309182
954712235000,954712,1398519227073,9.765789,0.27240697,0.46309182
954746899000,954747,1398519227108,9.724928,0.27240697,0.46309182
954822357000,954823,1398519227184,9.765789,0.27240697,0.50395286
954852723000,954855,1398519227217,9.724928,0.27240697,0.46309182
954894003000,954894,1398519227256,9.765789,0.23154591,0.46309182
954933790000,954934,1398519227295,9.724928,0.27240697,0.46309182
954973637000,954974,1398519227335,9.724928,0.23154591,0.46309182
955013485000,955014,1398519227375,9.765789,0.19068487,0.50395286
955053637000,955054,1398519227415,9.80665,0.23154591,0.53119355
955092326000,955093,1398519227454,9.80665,0.23154591,0.50395286
955132265000,955132,1398519227494,9.765789,0.23154591,0.50395286
955172326000,955173,1398519227534,9.80665,0.23154591,0.50395286
955205162000,955205,1398519227567,9.765789,0.23154591,0.50395286
955244156000,955244,1398519227606,9.765789,0.23154591,0.46309182
955283942000,955284,1398519227645,9.765789,0.23154591,0.50395286
955493942000,955494,1398519227855,9.80665,0.23154591,0.50395286
955534582000,955535,1398519227896,9.765789,0.23154591,0.50395286
955572265000,955572,1398519227934,9.765789,0.23154591,0.46309182
955612296000,955612,1398519227974,9.765789,0.27240697,0.46309182
955642784000,955645,1398519228006,9.765789,0.23154591,0.46309182
955684125000,955684,1398519228046,9.765789,0.27240697,0.46309182
955724217000,955724,1398519228086,9.765789,0.23154591,0.50395286
955763912000,955764,1398519228125,9.80665,0.23154591,0.46309182
955803881000,955804,1398519228165,9.765789,0.23154591,0.50395286
955844582000,955845,1398519228206,9.765789,0.23154591,0.53119355
955882326000,955882,1398519228244,9.724928,0.19068487,0.53119355
955922326000,955923,1398519228284,9.765789,0.23154591,0.50395286
955952692000,955955,1398519228317,9.765789,0.23154591,0.53119355
955993851000,955994,1398519228355,9.765789,0.23154591,0.50395286
956034613000,956035,1398519228396,9.80665,0.27240697,0.50395286
956072387000,956073,1398519228434,9.765789,0.23154591,0.50395286
956112296000,956113,1398519228474,9.80665,0.23154591,0.50395286
956152296000,956152,1398519228514,9.765789,0.19068487,0.46309182
956183973000,956184,1398519228546,9.765789,0.23154591,0.50395286
956302326000,956303,1398519228664,9.80665,0.23154591,0.50395286
956342387000,956343,1398519228704,9.765789,0.27240697,0.50395286
956372845000,956375,1398519228737,9.765789,0.23154591,0.53119355
956414277000,956414,1398519228776,9.724928,0.23154591,0.5720546
956454034000,956454,1398519228816,9.765789,0.23154591,0.53119355
956493881000,956494,1398519228855,9.765789,0.27240697,0.50395286
956534613000,956535,1398519228896,9.765789,0.23154591,0.50395286
956572265000,956572,1398519228934,9.724928,0.23154591,0.50395286
956642753000,956645,1398519229007,9.765789,0.27240697,0.50395286
956684186000,956684,1398519229046,9.765789,0.23154591,0.50395286
956723881000,956724,1398519229085,9.765789,0.27240697,0.53119355
956763881000,956764,1398519229125,9.765789,0.27240697,0.46309182
956803881000,956804,1398519229165,9.80665,0.23154591,0.46309182
956844613000,956845,1398519229206,9.80665,0.27240697,0.53119355
956882265000,956882,1398519229244,9.765789,0.27240697,0.46309182
956922357000,956923,1398519229284,9.765789,0.23154591,0.50395286
956952692000,956955,1398519229317,9.765789,0.27240697,0.53119355
956993454000,956994,1398519229355,9.724928,0.23154591,0.46309182
957033515000,957034,1398519229395,9.765789,0.23154591,0.46309182
957074887000,957075,1398519229436,9.697687,0.23154591,0.46309182
957112265000,957113,1398519229474,9.724928,0.23154591,0.46309182
957152265000,957152,1398519229514,9.724928,0.27240697,0.46309182
957192448000,957193,1398519229554,9.765789,0.27240697,0.50395286
957222845000,957225,1398519229587,9.724928,0.23154591,0.50395286
957264369000,957270,1398519229631,9.724928,0.23154591,0.46309182
957304125000,957304,1398519229666,9.765789,0.23154591,0.50395286
957344034000,957344,1398519229706,9.80665,0.27240697,0.46309182
957384034000,957384,1398519229746,9.80665,0.27240697,0.50395286
957424003000,957424,1398519229786,9.765789,0.27240697,0.50395286
957464034000,957464,1398519229826,9.80665,0.23154591,0.50395286
957504034000,957504,1398519229866,9.765789,0.23154591,0.53119355
957544034000,957544,1398519229906,9.765789,0.27240697,0.53119355
957585040000,957585,1398519229947,9.765789,0.23154591,0.53119355
957622509000,957623,1398519229984,9.765789,0.23154591,0.50395286
957702357000,957703,1398519230064,9.765789,0.27240697,0.53119355
957742540000,957743,1398519230104,9.765789,0.23154591,0.53119355
957782357000,957782,1398519230144,9.80665,0.23154591,0.50395286
957814186000,957814,1398519230176,9.765789,0.23154591,0.53119355
957854034000,957854,1398519230216,9.80665,0.23154591,0.50395286
957933607000,957934,1398519230295,9.80665,0.27240697,0.53119355
957973912000,957974,1398519230335,9.765789,0.23154591,0.50395286
958014003000,958014,1398519230376,9.80665,0.27240697,0.53119355
958054034000,958054,1398519230416,9.765789,0.23154591,0.50395286
958094064000,958094,1398519230456,9.765789,0.23154591,0.46309182
958134308000,958135,1398519230496,9.765789,0.23154591,0.50395286
958292418000,958293,1398519230654,9.765789,0.23154591,0.46309182
958332265000,958332,1398519230694,9.765789,0.27240697,0.46309182
958372296000,958372,1398519230734,9.765789,0.23154591,0.53119355
958402692000,958403,1398519230764,9.765789,0.23154591,0.50395286
958484003000,958484,1398519230846,9.765789,0.27240697,0.50395286
958524003000,958524,1398519230886,9.765789,0.23154591,0.50395286
958564003000,958564,1398519230926,9.765789,0.23154591,0.46309182
958604125000,958604,1398519230966,9.765789,0.23154591,0.50395286
958644217000,958644,1398519231006,9.765789,0.23154591,0.53119355
958683973000,958684,1398519231046,9.765789,0.23154591,0.50395286
958723454000,958724,1398519231085,9.80665,0.27240697,0.50395286
958763729000,958764,1398519231125,9.765789,0.23154591,0.53119355
958804003000,958804,1398519231166,9.80665,0.23154591,0.53119355
958883668000,958884,1398519231245,9.80665,0.27240697,0.53119355
958923729000,958924,1398519231285,9.80665,0.27240697,0.46309182
958964156000,958964,1398519231326,9.80665,0.27240697,0.53119355
959004643000,959005,1398519231366,9.80665,0.23154591,0.50395286
959044064000,959044,1398519231406,9.765789,0.23154591,0.5720546
959083576000,959084,1398519231445,9.765789,0.23154591,0.50395286
959123790000,959124,1398519231485,9.80665,0.23154591,0.50395286
959164095000,959164,1398519231526,9.765789,0.23154591,0.53119355
959204034000,959204,1398519231566,9.765789,0.19068487,0.53119355
959284826000,959285,1398519231646,9.80665,0.23154591,0.53119355
959322387000,959323,1398519231684,9.765789,0.23154591,0.53119355
959362265000,959362,1398519231724,9.765789,0.23154591,0.50395286
959402296000,959402,1398519231764,9.765789,0.19068487,0.50395286
959514247000,959514,1398519231876,9.80665,0.23154591,0.50395286
959554399000,959555,1398519231916,9.765789,0.27240697,0.53119355
959594095000,959594,1398519231956,9.765789,0.19068487,0.5720546
959634034000,959634,1398519231996,9.765789,0.23154591,0.5720546
959674735000,959675,1398519232036,9.765789,0.23154591,0.50395286
959714064000,959714,1398519232076,9.765789,0.19068487,0.46309182
959754095000,959754,1398519232116,9.765789,0.23154591,0.50395286
959794095000,959794,1398519232156,9.80665,0.27240697,0.50395286
959834277000,959834,1398519232196,9.80665,0.23154591,0.50395286
959874217000,959874,1398519232236,9.80665,0.23154591,0.5720546
959914125000,959914,1398519232276,9.765789,0.19068487,0.53119355
959954095000,959954,1398519232316,9.80665,0.23154591,0.5720546
959994064000,959994,1398519232356,9.80665,0.27240697,0.53119355
960073912000,960074,1398519232435,9.80665,0.23154591,0.50395286
960154826000,960155,1398519232516,9.80665,0.19068487,0.50395286
960194034000,960194,1398519232556,9.80665,0.23154591,0.46309182
960234217000,960234,1398519232596,9.80665,0.19068487,0.50395286
960274064000,960274,1398519232636,9.765789,0.27240697,0.50395286
960314095000,960314,1398519232676,9.80665,0.19068487,0.53119355
960433576000,960434,1398519232795,9.80665,0.23154591,0.53119355
960542357000,960542,1398519232904,9.80665,0.23154591,0.50395286
960572265000,960572,1398519232934,9.80665,0.23154591,0.53119355
960684338000,960685,1398519233046,9.847511,0.23154591,0.53119355
960764156000,960764,1398519233126,9.80665,0.23154591,0.53119355
960804186000,960804,1398519233166,9.80665,0.19068487,0.50395286
960844613000,960845,1398519233206,9.80665,0.19068487,0.5720546
960884217000,960884,1398519233246,9.765789,0.23154591,0.50395286
960924156000,960924,1398519233286,9.765789,0.23154591,0.53119355
960964186000,960964,1398519233326,9.80665,0.23154591,0.50395286
961004735000,961005,1398519233366,9.80665,0.23154591,0.53119355
961044399000,961045,1398519233406,9.765789,0.23154591,0.50395286
961084186000,961084,1398519233446,9.80665,0.23154591,0.53119355
961204064000,961204,1398519233566,9.765789,0.23154591,0.50395286
961244247000,961244,1398519233606,9.80665,0.27240697,0.50395286
961284247000,961284,1398519233646,9.847511,0.23154591,0.50395286
961324217000,961324,1398519233686,9.765789,0.19068487,0.53119355
961364369000,961365,1398519233726,9.80665,0.19068487,0.50395286
961404338000,961405,1398519233766,9.80665,0.23154591,0.5720546
961444186000,961444,1398519233806,9.80665,0.27240697,0.53119355
961484399000,961485,1398519233846,9.80665,0.23154591,0.50395286
961530253000,961531,1398519233892,9.765789,0.23154591,0.53119355
961567967000,961568,1398519233929,9.80665,0.23154591,0.50395286
961602723000,961603,1398519233964,9.80665,0.19068487,0.53119355
961642357000,961643,1398519234004,9.80665,0.23154591,0.53119355
961682479000,961683,1398519234044,9.765789,0.23154591,0.53119355
961722296000,961723,1398519234084,9.765789,0.23154591,0.46309182
961752723000,961753,1398519234114,9.80665,0.27240697,0.50395286
961795131000,961795,1398519234157,9.765789,0.23154591,0.50395286
961832875000,961833,1398519234195,9.80665,0.23154591,0.50395286
961952418000,961953,1398519234314,9.80665,0.23154591,0.53119355
961992265000,961992,1398519234354,9.765789,0.19068487,0.53119355
962032296000,962032,1398519234394,9.80665,0.19068487,0.50395286
962064582000,962065,1398519234426,9.80665,0.23154591,0.50395286
962143790000,962144,1398519234505,9.765789,0.23154591,0.50395286
962183668000,962184,1398519234545,9.765789,0.27240697,0.46309182
962223393000,962224,1398519234585,9.765789,0.23154591,0.46309182
962262357000,962263,1398519234624,9.80665,0.19068487,0.53119355
962302357000,962303,1398519234664,9.765789,0.23154591,0.50395286
962374613000,962375,1398519234736,9.765789,0.23154591,0.46309182
962413851000,962414,1398519234775,9.80665,0.19068487,0.50395286
962453515000,962454,1398519234815,9.765789,0.23154591,0.46309182
962493271000,962493,1398519234855,9.80665,0.23154591,0.50395286
962572296000,962573,1398519234934,9.80665,0.23154591,0.53119355
962612296000,962612,1398519234974,9.80665,0.23154591,0.50395286
962644704000,962645,1398519235006,9.765789,0.23154591,0.46309182
962683851000,962684,1398519235045,9.765789,0.23154591,0.42223078
962723912000,962724,1398519235085,9.765789,0.23154591,0.53119355
962764491000,962765,1398519235126,9.765789,0.23154591,0.50395286
962803912000,962804,1398519235165,9.80665,0.23154591,0.46309182
962844582000,962845,1398519235206,9.80665,0.23154591,0.50395286
962882296000,962882,1398519235244,9.765789,0.27240697,0.50395286
962922326000,962922,1398519235284,9.80665,0.23154591,0.53119355
962952723000,962955,1398519235317,9.80665,0.23154591,0.50395286
962993942000,962994,1398519235355,9.765789,0.19068487,0.50395286
963033759000,963034,1398519235395,9.80665,0.23154591,0.53119355
963073485000,963074,1398519235435,9.765789,0.23154591,0.53119355
963113332000,963114,1398519235475,9.765789,0.19068487,0.53119355
963152296000,963152,1398519235514,9.80665,0.23154591,0.50395286
963232418000,963233,1398519235594,9.80665,0.23154591,0.53119355
963264796000,963265,1398519235626,9.80665,0.23154591,0.50395286
963304003000,963304,1398519235666,9.765789,0.23154591,0.50395286
963422357000,963423,1398519235784,9.765789,0.19068487,0.46309182
963462418000,963463,1398519235824,9.80665,0.23154591,0.50395286
963492723000,963495,1398519235856,9.765789,0.27240697,0.50395286
963534125000,963534,1398519235896,9.80665,0.23154591,0.50395286
963574125000,963574,1398519235936,9.765789,0.23154591,0.50395286
963652387000,963653,1398519236014,9.724928,0.23154591,0.50395286
963692296000,963692,1398519236054,9.765789,0.23154591,0.46309182
963732326000,963732,1398519236094,9.80665,0.23154591,0.50395286
963764948000,963765,1398519236126,9.765789,0.23154591,0.46309182
963803912000,963804,1398519236165,9.765789,0.23154591,0.50395286
963843759000,963844,1398519236205,9.765789,0.27240697,0.46309182
963883668000,963884,1398519236245,9.765789,0.23154591,0.50395286
963923576000,963924,1398519236285,9.765789,0.23154591,0.46309182
963963515000,963964,1398519236325,9.80665,0.23154591,0.50395286
964003302000,964003,1398519236365,9.765789,0.19068487,0.50395286
964042418000,964043,1398519236404,9.765789,0.23154591,0.50395286
964122357000,964123,1398519236484,9.765789,0.19068487,0.46309182
964152692000,964155,1398519236516,9.80665,0.19068487,0.46309182
964194125000,964194,1398519236556,9.80665,0.23154591,0.50395286
964234186000,964234,1398519236596,9.765789,0.23154591,0.46309182
964274003000,964274,1398519236636,9.765789,0.23154591,0.50395286
964313942000,964314,1398519236675,9.80665,0.19068487,0.50395286
964353759000,964354,1398519236715,9.80665,0.19068487,0.46309182
964393729000,964394,1398519236755,9.765789,0.19068487,0.50395286
964433576000,964434,1398519236795,9.80665,0.23154591,0.50395286
964473485000,964474,1398519236835,9.765789,0.19068487,0.50395286
964513424000,964514,1398519236875,9.80665,0.19068487,0.50395286
964552662000,964553,1398519236914,9.765789,0.19068487,0.5720546
964592296000,964593,1398519236954,9.765789,0.23154591,0.50395286
964632265000,964632,1398519236994,9.765789,0.23154591,0.53119355
964672296000,964672,1398519237034,9.765789,0.23154591,0.50395286
964705009000,964705,1398519237067,9.765789,0.23154591,0.46309182
964783942000,964784,1398519237146,9.765789,0.23154591,0.50395286
964824735000,964825,1398519237186,9.80665,0.23154591,0.50395286
964862326000,964863,1398519237224,9.80665,0.23154591,0.46309182
964902479000,964903,1398519237264,9.80665,0.23154591,0.50395286
964974003000,964974,1398519237336,9.765789,0.23154591,0.53119355
965014034000,965014,1398519237376,9.80665,0.27240697,0.50395286
965054674000,965055,1398519237416,9.80665,0.23154591,0.50395286
965132418000,965133,1398519237494,9.80665,0.23154591,0.53119355
965162723000,965165,1398519237527,9.80665,0.23154591,0.50395286
965204186000,965204,1398519237566,9.80665,0.19068487,0.50395286
965244003000,965244,1398519237606,9.80665,0.23154591,0.50395286
965283973000,965284,1398519237646,9.80665,0.23154591,0.53119355
965323607000,965324,1398519237685,9.80665,0.19068487,0.50395286
965363607000,965364,1398519237725,9.765789,0.19068487,0.50395286
965404857000,965405,1398519237766,9.80665,0.23154591,0.50395286
965442326000,965443,1398519237804,9.80665,0.19068487,0.50395286
965482265000,965482,1398519237844,9.80665,0.23154591,0.50395286
965594156000,965594,1398519237956,9.765789,0.23154591,0.53119355
965634156000,965634,1398519237996,9.847511,0.27240697,0.50395286
965673973000,965674,1398519238036,9.80665,0.23154591,0.50395286
965713881000,965714,1398519238075,9.847511,0.23154591,0.53119355
965753881000,965754,1398519238115,9.80665,0.19068487,0.50395286
965793820000,965794,1398519238155,9.80665,0.27240697,0.53119355
965833759000,965834,1398519238195,9.765789,0.23154591,0.53119355
965873851000,965874,1398519238235,9.80665,0.23154591,0.53119355
965914918000,965915,1398519238276,9.80665,0.23154591,0.50395286
965952357000,965953,1398519238314,9.80665,0.23154591,0.53119355
965992265000,965992,1398519238354,9.80665,0.23154591,0.50395286
966032479000,966033,1398519238394,9.80665,0.23154591,0.46309182
966062753000,966065,1398519238427,9.80665,0.23154591,0.50395286
966144003000,966144,1398519238506,9.80665,0.23154591,0.53119355
966184826000,966185,1398519238546,9.765789,0.23154591,0.50395286
966222418000,966223,1398519238584,9.80665,0.23154591,0.53119355
966262387000,966263,1398519238624,9.765789,0.19068487,0.53119355
966334064000,966334,1398519238696,9.80665,0.23154591,0.50395286
966374003000,966374,1398519238736,9.765789,0.23154591,0.46309182
966414704000,966415,1398519238776,9.765789,0.27240697,0.46309182
966452296000,966452,1398519238814,9.80665,0.23154591,0.53119355
966492296000,966492,1398519238854,9.765789,0.23154591,0.53119355
966522723000,966525,1398519238887,9.765789,0.23154591,0.50395286
966564247000,966564,1398519238926,9.765789,0.27240697,0.46309182
966603973000,966604,1398519238966,9.765789,0.19068487,0.50395286
966644034000,966644,1398519239006,9.765789,0.23154591,0.50395286
966684003000,966684,1398519239046,9.765789,0.23154591,0.46309182
966724003000,966724,1398519239086,9.765789,0.23154591,0.50395286
966803698000,966804,1398519239165,9.765789,0.19068487,0.50395286
966843790000,966844,1398519239205,9.765789,0.23154591,0.53119355
966923607000,966924,1398519239285,9.765789,0.23154591,0.50395286
966963790000,966964,1398519239325,9.765789,0.23154591,0.46309182
967004979000,967005,1398519239367,9.80665,0.23154591,0.50395286
967042265000,967042,1398519239404,9.80665,0.23154591,0.53119355
967082265000,967082,1398519239444,9.80665,0.23154591,0.5720546
967112723000,967113,1398519239474,9.80665,0.23154591,0.50395286
967154796000,967155,1398519239516,9.80665,0.23154591,0.53119355
967194156000,967194,1398519239556,9.765789,0.19068487,0.46309182
967234430000,967235,1398519239596,9.80665,0.19068487,0.50395286
967274247000,967274,1398519239636,9.765789,0.23154591,0.50395286
967354003000,967354,1398519239716,9.80665,0.23154591,0.50395286
967394156000,967394,1398519239756,9.765789,0.19068487,0.50395286
967434125000,967434,1398519239796,9.80665,0.19068487,0.50395286
967474125000,967474,1398519239836,9.765789,0.19068487,0.46309182
967553790000,967554,1398519239915,9.80665,0.23154591,0.50395286
967593942000,967594,1398519239955,9.80665,0.23154591,0.53119355
967634277000,967634,1398519239996,9.765789,0.23154591,0.53119355
967674338000,967675,1398519240036,9.765789,0.19068487,0.50395286
967714095000,967714,1398519240076,9.765789,0.23154591,0.53119355
967754156000,967754,1398519240116,9.765789,0.19068487,0.50395286
967794156000,967794,1398519240156,9.80665,0.23154591,0.46309182
967834125000,967834,1398519240196,9.765789,0.23154591,0.50395286
967873912000,967874,1398519240235,9.80665,0.23154591,0.53119355
967914857000,967915,1398519240276,9.80665,0.23154591,0.50395286
967956899000,967957,1398519240318,9.80665,0.23154591,0.53119355
968012326000,968013,1398519240374,9.80665,0.19068487,0.50395286
968042723000,968043,1398519240404,9.80665,0.23154591,0.46309182
968083790000,968084,1398519240445,9.80665,0.23154591,0.50395286
968122357000,968123,1398519240484,9.80665,0.23154591,0.53119355
968152692000,968153,1398519240514,9.80665,0.23154591,0.50395286
968233881000,968234,1398519240595,9.80665,0.19068487,0.50395286
968275192000,968275,1398519240637,9.80665,0.23154591,0.46309182
968313820000,968314,1398519240675,9.765789,0.23154591,0.53119355
968354034000,968354,1398519240716,9.765789,0.23154591,0.50395286
968394064000,968394,1398519240756,9.80665,0.23154591,0.50395286
968434064000,968434,1398519240796,9.765789,0.23154591,0.53119355
968474034000,968474,1398519240836,9.80665,0.23154591,0.53119355
968513912000,968514,1398519240875,9.765789,0.27240697,0.50395286
968554064000,968554,1398519240916,9.765789,0.23154591,0.50395286
968594095000,968594,1398519240956,9.765789,0.23154591,0.53119355
968634247000,968634,1398519240996,9.765789,0.19068487,0.50395286
968674064000,968674,1398519241036,9.765789,0.23154591,0.50395286
968753790000,968754,1398519241115,9.80665,0.23154591,0.50395286
968794765000,968795,1398519241156,9.765789,0.23154591,0.50395286
968872296000,968872,1398519241234,9.724928,0.23154591,0.53119355
968912296000,968912,1398519241274,9.765789,0.23154591,0.50395286
968945070000,968945,1398519241307,9.724928,0.23154591,0.53119355
968984125000,968984,1398519241346,9.765789,0.23154591,0.53119355
969024125000,969024,1398519241386,9.765789,0.23154591,0.46309182
969064125000,969064,1398519241426,9.765789,0.23154591,0.50395286
969104156000,969104,1398519241466,9.80665,0.23154591,0.53119355
969144643000,969145,1398519241506,9.765789,0.19068487,0.53119355
969184247000,969185,1398519241546,9.724928,0.23154591,0.53119355
969224186000,969224,1398519241586,9.765789,0.23154591,0.50395286
969264186000,969264,1398519241626,9.80665,0.23154591,0.50395286
969304156000,969304,1398519241666,9.765789,0.23154591,0.53119355
969344125000,969344,1398519241706,9.765789,0.23154591,0.50395286
969384125000,969384,1398519241746,9.765789,0.23154591,0.53119355
969424125000,969424,1398519241786,9.765789,0.19068487,0.53119355
969464399000,969465,1398519241826,9.80665,0.19068487,0.46309182
969504338000,969505,1398519241866,9.80665,0.23154591,0.53119355
969544186000,969544,1398519241906,9.765789,0.23154591,0.53119355
969584186000,969584,1398519241946,9.765789,0.19068487,0.46309182
969624125000,969624,1398519241986,9.765789,0.19068487,0.50395286
969664186000,969664,1398519242026,9.765789,0.23154591,0.5720546
969704186000,969704,1398519242066,9.80665,0.23154591,0.53119355
969784826000,969785,1398519242146,9.80665,0.19068487,0.53119355
969825954000,969826,1398519242187,9.765789,0.23154591,0.53119355
969862387000,969863,1398519242224,9.80665,0.23154591,0.50395286
969902418000,969903,1398519242264,9.80665,0.19068487,0.53119355
969974247000,969974,1398519242336,9.765789,0.23154591,0.50395286
970014186000,970014,1398519242376,9.765789,0.23154591,0.53119355
970054095000,970054,1398519242416,9.80665,0.19068487,0.50395286
970094095000,970094,1398519242456,9.80665,0.27240697,0.50395286
970134064000,970134,1398519242496,9.80665,0.23154591,0.50395286
970174217000,970174,1398519242536,9.765789,0.27240697,0.50395286
970214095000,970214,1398519242576,9.80665,0.19068487,0.53119355
970254125000,970254,1398519242616,9.80665,0.23154591,0.50395286
970294186000,970294,1398519242656,9.765789,0.23154591,0.46309182
970334308000,970334,1398519242696,9.80665,0.19068487,0.50395286
970374064000,970374,1398519242736,9.80665,0.23154591,0.50395286
970493881000,970494,1398519242855,9.80665,0.27240697,0.50395286
970534125000,970534,1398519242896,9.765789,0.23154591,0.50395286
970574125000,970574,1398519242936,9.80665,0.23154591,0.53119355
970614064000,970614,1398519242976,9.80665,0.23154591,0.50395286
970654277000,970654,1398519243016,9.765789,0.23154591,0.50395286
970773698000,970774,1398519243135,9.80665,0.19068487,0.50395286
970853668000,970854,1398519243215,9.765789,0.19068487,0.46309182
970894034000,970894,1398519243256,9.80665,0.19068487,0.46309182
970934095000,970934,1398519243296,9.80665,0.23154591,0.50395286
971014338000,971015,1398519243376,9.80665,0.23154591,0.46309182
971054552000,971055,1398519243416,9.765789,0.19068487,0.50395286
971094308000,971095,1398519243456,9.80665,0.23154591,0.53119355
971134277000,971134,1398519243496,9.765789,0.23154591,0.50395286
971174095000,971174,1398519243536,9.765789,0.19068487,0.50395286
971214125000,971214,1398519243576,9.765789,0.23154591,0.50395286
971298058000,971298,1398519243660,9.765789,0.23154591,0.46309182
971332814000,971333,1398519243695,9.765789,0.23154591,0.50395286
971374277000,971374,1398519243736,9.765789,0.23154591,0.46309182
971413698000,971414,1398519243775,9.765789,0.23154591,0.50395286
971453485000,971454,1398519243815,9.765789,0.23154591,0.53119355
971522326000,971523,1398519243884,9.80665,0.23154591,0.50395286
971552296000,971552,1398519243914,9.765789,0.23154591,0.50395286
971582814000,971583,1398519243944,9.765789,0.19068487,0.53119355
971624338000,971625,1398519243986,9.80665,0.23154591,0.5720546
971663942000,971664,1398519244025,9.80665,0.23154591,0.50395286
971703729000,971704,1398519244065,9.80665,0.19068487,0.53119355
971743820000,971744,1398519244105,9.80665,0.27240697,0.50395286
971783820000,971784,1398519244145,9.80665,0.19068487,0.53119355
971823912000,971824,1398519244185,9.80665,0.23154591,0.53119355
971864247000,971864,1398519244226,9.765789,0.23154591,0.50395286
971903973000,971904,1398519244266,9.80665,0.23154591,0.5720546
971944643000,971945,1398519244306,9.80665,0.23154591,0.53119355
972022387000,972023,1398519244384,9.80665,0.23154591,0.5720546
972054826000,972055,1398519244416,9.80665,0.23154591,0.53119355
972093881000,972094,1398519244455,9.765789,0.23154591,0.53119355
972133698000,972134,1398519244495,9.80665,0.23154591,0.53119355
972173424000,972174,1398519244535,9.765789,0.19068487,0.50395286
972212357000,972213,1398519244574,9.80665,0.23154591,0.53119355
972292479000,972293,1398519244654,9.80665,0.23154591,0.46309182
972322753000,972325,1398519244686,9.80665,0.19068487,0.53119355
972364156000,972364,1398519244726,9.80665,0.23154591,0.50395286
972442296000,972442,1398519244804,9.80665,0.23154591,0.5720546
972482265000,972482,1398519244844,9.80665,0.23154591,0.53119355
972522387000,972523,1398519244884,9.80665,0.27240697,0.53119355
972554796000,972555,1398519244916,9.765789,0.23154591,0.53119355
972632357000,972633,1398519244994,9.80665,0.23154591,0.50395286
972712326000,972713,1398519245074,9.765789,0.23154591,0.50395286
972752265000,972752,1398519245114,9.80665,0.23154591,0.50395286
972822357000,972823,1398519245184,9.80665,0.23154591,0.53119355
972862448000,972863,1398519245224,9.80665,0.23154591,0.5720546
972902387000,972903,1398519245264,9.80665,0.19068487,0.53119355
972934796000,972935,1398519245296,9.80665,0.23154591,0.50395286
972976930000,972977,1398519245338,9.765789,0.23154591,0.53119355
973016198000,973016,1398519245378,9.80665,0.23154591,0.46309182
973054674000,973055,1398519245416,9.765789,0.23154591,0.42223078
973093912000,973094,1398519245455,9.765789,0.23154591,0.50395286
973134643000,973135,1398519245496,9.765789,0.19068487,0.53119355
973172296000,973172,1398519245534,9.765789,0.19068487,0.46309182
973212326000,973212,1398519245574,9.765789,0.23154591,0.50395286
973242784000,973245,1398519245607,9.80665,0.23154591,0.46309182
973284095000,973284,1398519245646,9.765789,0.23154591,0.50395286
973363302000,973363,1398519245725,9.765789,0.23154591,0.53119355
973402296000,973402,1398519245764,9.765789,0.23154591,0.50395286
973432692000,973433,1398519245794,9.765789,0.23154591,0.53119355
973474369000,973475,1398519245836,9.765789,0.23154591,0.50395286
973513973000,973514,1398519245876,9.724928,0.19068487,0.53119355
973554674000,973555,1398519245916,9.80665,0.23154591,0.50395286
973592265000,973592,1398519245954,9.765789,0.23154591,0.50395286
973632326000,973632,1398519245994,9.724928,0.23154591,0.53119355
973662845000,973665,1398519246027,9.765789,0.27240697,0.50395286
973743454000,973744,1398519246105,9.765789,0.23154591,0.50395286
973782601000,973783,1398519246144,9.765789,0.27240697,0.50395286
973822326000,973823,1398519246184,9.765789,0.19068487,0.50395286
973862479000,973863,1398519246224,9.724928,0.27240697,0.50395286
973933912000,973934,1398519246295,9.765789,0.23154591,0.50395286
973974643000,973975,1398519246336,9.765789,0.23154591,0.46309182
974052296000,974052,1398519246414,9.765789,0.19068487,0.46309182
974082723000,974085,1398519246447,9.724928,0.19068487,0.50395286
974124064000,974124,1398519246486,9.765789,0.19068487,0.50395286
974163973000,974164,1398519246526,9.765789,0.23154591,0.50395286
974242479000,974243,1398519246604,9.724928,0.23154591,0.46309182
974282296000,974283,1398519246644,9.765789,0.19068487,0.50395286
974322296000,974322,1398519246684,9.80665,0.23154591,0.50395286
974352723000,974360,1398519246721,9.765789,0.19068487,0.50395286
974394338000,974395,1398519246756,9.765789,0.19068487,0.46309182
974434156000,974434,1398519246796,9.80665,0.23154591,0.46309182
974473942000,974474,1398519246835,9.765789,0.23154591,0.46309182
974552265000,974552,1398519246914,9.765789,0.23154591,0.50395286
974632296000,974632,1398519246994,9.765789,0.23154591,0.46309182
974704064000,974704,1398519247066,9.724928,0.23154591,0.46309182
974744125000,974744,1398519247106,9.765789,0.27240697,0.42223078
974784095000,974784,1398519247146,9.765789,0.27240697,0.46309182
974824765000,974825,1398519247186,9.765789,0.23154591,0.50395286
974862326000,974863,1398519247224,9.765789,0.23154591,0.53119355
974902723000,974903,1398519247264,9.765789,0.27240697,0.50395286
974932845000,974936,1398519247297,9.765789,0.23154591,0.53119355
975013607000,975014,1398519247375,9.765789,0.23154591,0.50395286
975092601000,975093,1398519247454,9.765789,0.23154591,0.53119355
975132265000,975132,1398519247494,9.765789,0.23154591,0.50395286
975202723000,975205,1398519247567,9.80665,0.19068487,0.50395286
975244156000,975244,1398519247606,9.765789,0.23154591,0.46309182
975284277000,975284,1398519247646,9.765789,0.23154591,0.53119355
975324003000,975324,1398519247686,9.765789,0.23154591,0.50395286
975363973000,975364,1398519247726,9.765789,0.23154591,0.53119355
975403973000,975404,1398519247766,9.724928,0.23154591,0.53119355
975444003000,975444,1398519247806,9.765789,0.19068487,0.46309182
975484003000,975484,1398519247846,9.765789,0.27240697,0.53119355
975524064000,975524,1398519247886,9.724928,0.19068487,0.50395286
975564399000,975565,1398519247926,9.765789,0.27240697,0.46309182
975604338000,975605,1398519247966,9.765789,0.19068487,0.46309182
975644217000,975644,1398519248006,9.80665,0.23154591,0.53119355
975684003000,975684,1398519248046,9.765789,0.23154591,0.50395286
975724003000,975724,1398519248086,9.765789,0.23154591,0.46309182
975764003000,975764,1398519248126,9.80665,0.23154591,0.50395286
975804034000,975804,1398519248166,9.765789,0.27240697,0.50395286
975844003000,975844,1398519248206,9.765789,0.27240697,0.46309182
975884034000,975884,1398519248246,9.80665,0.23154591,0.50395286
975925070000,975925,1398519248287,9.765789,0.23154591,0.53119355
975962601000,975963,1398519248324,9.765789,0.23154591,0.50395286
976002296000,976002,1398519248364,9.80665,0.23154591,0.50395286
976042265000,976042,1398519248404,9.765789,0.23154591,0.50395286
976082296000,976082,1398519248444,9.765789,0.23154591,0.46309182
976112936000,976116,1398519248477,9.765789,0.27240697,0.50395286
976154552000,976155,1398519248516,9.724928,0.23154591,0.46309182
976194247000,976194,1398519248556,9.724928,0.23154591,0.53119355
976234064000,976234,1398519248596,9.80665,0.23154591,0.50395286
976274064000,976274,1398519248636,9.765789,0.23154591,0.53119355
976314003000,976314,1398519248676,9.765789,0.23154591,0.46309182
976354034000,976354,1398519248716,9.765789,0.23154591,0.53119355
976394064000,976394,1398519248756,9.765789,0.23154591,0.50395286
976434979000,976435,1398519248797,9.724928,0.23154591,0.50395286
976472509000,976473,1398519248834,9.765789,0.27240697,0.53119355
976512296000,976512,1398519248874,9.765789,0.23154591,0.53119355
976552265000,976552,1398519248914,9.80665,0.23154591,0.53119355
976582814000,976585,1398519248947,9.765789,0.23154591,0.53119355
976624430000,976625,1398519248986,9.765789,0.23154591,0.50395286
976664308000,976665,1398519249026,9.765789,0.23154591,0.53119355
976704186000,976704,1398519249066,9.765789,0.27240697,0.53119355
976744186000,976744,1398519249106,9.765789,0.23154591,0.46309182
976784247000,976784,1398519249146,9.765789,0.27240697,0.50395286
976824369000,976825,1398519249186,9.765789,0.23154591,0.53119355
976864308000,976865,1398519249226,9.80665,0.23154591,0.5720546
976904186000,976904,1398519249266,9.765789,0.23154591,0.50395286
976944338000,976945,1398519249306,9.765789,0.23154591,0.53119355
976984399000,976985,1398519249346,9.765789,0.23154591,0.5720546
977024217000,977025,1398519249386,9.765789,0.23154591,0.53119355
977064186000,977064,1398519249426,9.765789,0.19068487,0.53119355
977104217000,977104,1398519249466,9.80665,0.19068487,0.50395286
977144217000,977144,1398519249506,9.765789,0.23154591,0.53119355
977224095000,977224,1398519249586,9.724928,0.27240697,0.50395286
977264217000,977264,1398519249626,9.80665,0.23154591,0.50395286
977304369000,977305,1398519249666,9.80665,0.23154591,0.53119355
977344430000,977345,1398519249706,9.765789,0.23154591,0.50395286
977384217000,977384,1398519249746,9.80665,0.23154591,0.5720546
977424186000,977424,1398519249786,9.80665,0.23154591,0.50395286
977464491000,977465,1398519249826,9.765789,0.23154591,0.50395286
977544064000,977544,1398519249906,9.765789,0.19068487,0.50395286
977584217000,977584,1398519249946,9.765789,0.27240697,0.50395286
977624430000,977625,1398519249986,9.80665,0.23154591,0.53119355
977664399000,977665,1398519250026,9.765789,0.23154591,0.50395286
977783820000,977784,1398519250145,9.724928,0.23154591,0.46309182
977824918000,977825,1398519250186,9.765789,0.27240697,0.50395286
977862357000,977863,1398519250224,9.765789,0.23154591,0.50395286
977942357000,977943,1398519250304,9.765789,0.23154591,0.53119355
977972723000,977973,1398519250334,9.80665,0.23154591,0.50395286
978014674000,978015,1398519250376,9.765789,0.23154591,0.50395286
978054156000,978054,1398519250416,9.765789,0.23154591,0.53119355
978094399000,978095,1398519250456,9.724928,0.23154591,0.50395286
978134186000,978134,1398519250496,9.765789,0.23154591,0.53119355
978174308000,978175,1398519250536,9.765789,0.23154591,0.50395286
978253973000,978254,1398519250616,9.80665,0.23154591,0.50395286
978294186000,978294,1398519250656,9.765789,0.19068487,0.53119355
978334156000,978334,1398519250696,9.765789,0.23154591,0.53119355
978374247000,978374,1398519250736,9.80665,0.23154591,0.53119355
978414125000,978414,1398519250776,9.765789,0.23154591,0.53119355
978454156000,978454,1398519250816,9.765789,0.23154591,0.50395286
978494430000,978495,1398519250856,9.765789,0.19068487,0.46309182
978534369000,978535,1398519250896,9.765789,0.27240697,0.50395286
978574125000,978574,1398519250936,9.765789,0.27240697,0.53119355
978614125000,978614,1398519250976,9.765789,0.23154591,0.53119355
978654156000,978654,1398519251016,9.80665,0.23154591,0.50395286
978694156000,978694,1398519251056,9.765789,0.27240697,0.53119355
978734521000,978735,1398519251096,9.80665,0.23154591,0.50395286
978774217000,978774,1398519251136,9.80665,0.19068487,0.53119355
978854186000,978854,1398519251216,9.80665,0.23154591,0.50395286
978894399000,978895,1398519251256,9.724928,0.23154591,0.53119355
978934156000,978934,1398519251296,9.765789,0.19068487,0.53119355
978974125000,978974,1398519251336,9.765789,0.23154591,0.53119355
979014217000,979014,1398519251376,9.80665,0.23154591,0.53119355
979054186000,979054,1398519251416,9.765789,0.23154591,0.53119355
979094156000,979094,1398519251456,9.80665,0.23154591,0.50395286
979134156000,979134,1398519251496,9.80665,0.23154591,0.53119355
979174430000,979175,1398519251536,9.80665,0.23154591,0.50395286
979214399000,979215,1398519251576,9.765789,0.23154591,0.53119355
979293973000,979294,1398519251656,9.80665,0.23154591,0.50395286
979334156000,979334,1398519251696,9.80665,0.23154591,0.53119355
979414217000,979414,1398519251776,9.80665,0.27240697,0.53119355
979454217000,979454,1398519251816,9.80665,0.23154591,0.53119355
979494186000,979494,1398519251856,9.80665,0.27240697,0.5720546
979534369000,979535,1398519251896,9.765789,0.23154591,0.53119355
979614857000,979615,1398519251976,9.765789,0.23154591,0.50395286
979652357000,979653,1398519252014,9.80665,0.27240697,0.53119355
979692265000,979692,1398519252054,9.80665,0.23154591,0.53119355
979732296000,979732,1398519252094,9.765789,0.23154591,0.50395286
979762723000,979763,1398519252124,9.80665,0.23154591,0.5720546
979804918000,979805,1398519252166,9.80665,0.27240697,0.5720546
979844217000,979844,1398519252206,9.765789,0.23154591,0.53119355
979884338000,979885,1398519252246,9.80665,0.23154591,0.50395286
979924186000,979924,1398519252286,9.765789,0.23154591,0.53119355
979964186000,979964,1398519252326,9.80665,0.27240697,0.53119355
980004217000,980004,1398519252366,9.80665,0.23154591,0.53119355
980044460000,980045,1398519252406,9.765789,0.23154591,0.50395286
980084308000,980085,1398519252446,9.765789,0.27240697,0.53119355
980124186000,980124,1398519252486,9.765789,0.23154591,0.5720546
980164186000,980164,1398519252526,9.765789,0.19068487,0.50395286
980204186000,980204,1398519252566,9.765789,0.23154591,0.53119355
980244247000,980244,1398519252606,9.80665,0.23154591,0.50395286
980284217000,980284,1398519252646,9.765789,0.23154591,0.50395286
980484186000,980484,1398519252846,9.724928,0.23154591,0.53119355
980524247000,980524,1398519252886,9.765789,0.27240697,0.53119355
980564217000,980564,1398519252926,9.765789,0.23154591,0.53119355
980644948000,980645,1398519253006,9.765789,0.19068487,0.53119355
980682784000,980683,1398519253044,9.765789,0.19068487,0.50395286
980764857000,980765,1398519253126,9.765789,0.23154591,0.46309182
980803790000,980804,1398519253165,9.765789,0.23154591,0.50395286
980882265000,980882,1398519253244,9.765789,0.27240697,0.50395286
980922265000,980922,1398519253284,9.765789,0.23154591,0.50395286
980962326000,980962,1398519253324,9.724928,0.23154591,0.53119355
980994582000,980995,1398519253356,9.765789,0.23154591,0.50395286
981033881000,981034,1398519253395,9.765789,0.19068487,0.53119355
981073546000,981074,1398519253435,9.80665,0.23154591,0.53119355
981112448000,981113,1398519253474,9.80665,0.23154591,0.50395286
981152296000,981152,1398519253514,9.765789,0.23154591,0.46309182
981192723000,981193,1398519253554,9.80665,0.23154591,0.50395286
981224674000,981225,1398519253586,9.765789,0.23154591,0.53119355
981263973000,981264,1398519253626,9.765789,0.23154591,0.50395286
981303637000,981304,1398519253665,9.80665,0.27240697,0.53119355
981343576000,981344,1398519253705,9.765789,0.23154591,0.53119355
981383698000,981384,1398519253745,9.765789,0.19068487,0.53119355
981423942000,981424,1398519253785,9.80665,0.19068487,0.53119355
981463759000,981464,1398519253825,9.80665,0.19068487,0.50395286
981503729000,981504,1398519253865,9.80665,0.23154591,0.50395286
981543668000,981544,1398519253905,9.765789,0.23154591,0.53119355
981583576000,981584,1398519253945,9.765789,0.23154591,0.50395286
981623363000,981624,1398519253985,9.765789,0.23154591,0.46309182
981702357000,981703,1398519254064,9.80665,0.23154591,0.53119355
981742479000,981743,1398519254104,9.80665,0.23154591,0.5720546
981774643000,981775,1398519254136,9.765789,0.23154591,0.46309182
981813851000,981814,1398519254175,9.765789,0.23154591,0.50395286
981853729000,981854,1398519254215,9.724928,0.27240697,0.50395286
981893576000,981894,1398519254255,9.765789,0.23154591,0.50395286
981933881000,981934,1398519254295,9.765789,0.19068487,0.50395286
981973912000,981974,1398519254336,9.765789,0.23154591,0.50395286
982052357000,982053,1398519254414,9.765789,0.23154591,0.5720546
982092265000,982096,1398519254458,9.80665,0.23154591,0.53119355
982132326000,982132,1398519254494,9.765789,0.27240697,0.50395286
982164948000,982165,1398519254527,9.80665,0.23154591,0.53119355
982203912000,982204,1398519254565,9.80665,0.27240697,0.50395286
982244613000,982245,1398519254606,9.765789,0.23154591,0.50395286
982352784000,982355,1398519254716,9.80665,0.23154591,0.53119355
982393973000,982394,1398519254756,9.765789,0.23154591,0.50395286
982433790000,982434,1398519254795,9.765789,0.23154591,0.46309182
982512265000,982512,1398519254874,9.765789,0.23154591,0.50395286
982732265000,982732,1398519255094,9.765789,0.23154591,0.53119355
982762357000,982763,1398519255124,9.765789,0.23154591,0.50395286
982792723000,982793,1398519255154,9.724928,0.23154591,0.53119355
982834064000,982834,1398519255196,9.765789,0.23154591,0.50395286
982912479000,982913,1398519255274,9.765789,0.23154591,0.46309182
982952265000,982953,1398519255314,9.765789,0.23154591,0.50395286
982992296000,982992,1398519255354,9.765789,0.27240697,0.53119355
983022814000,983025,1398519255386,9.765789,0.23154591,0.50395286
983063973000,983064,1398519255426,9.80665,0.27240697,0.53119355
983104095000,983104,1398519255466,9.765789,0.23154591,0.50395286
983144095000,983144,1398519255506,9.724928,0.23154591,0.53119355
983183942000,983184,1398519255545,9.765789,0.23154591,0.53119355
983223729000,983224,1398519255585,9.80665,0.23154591,0.53119355
983263729000,983264,1398519255625,9.765789,0.23154591,0.50395286
983303698000,983304,1398519255665,9.765789,0.19068487,0.50395286
983343637000,983344,1398519255705,9.80665,0.23154591,0.50395286
983423485000,983424,1398519255785,9.765789,0.23154591,0.53119355
983463729000,983464,1398519255825,9.80665,0.23154591,0.46309182
983504095000,983504,1398519255866,9.765789,0.23154591,0.50395286
983542540000,983543,1398519255904,9.80665,0.27240697,0.53119355
983582448000,983583,1398519255944,9.80665,0.23154591,0.50395286
983622448000,983623,1398519255984,9.80665,0.19068487,0.50395286
983693820000,983694,1398519256055,9.80665,0.19068487,0.53119355
983733759000,983734,1398519256095,9.765789,0.23154591,0.53119355
983773576000,983774,1398519256135,9.80665,0.23154591,0.53119355
983813424000,983814,1398519256175,9.80665,0.19068487,0.53119355
983853607000,983854,1398519256215,9.80665,0.27240697,0.53119355
983893668000,983894,1398519256255,9.80665,0.23154591,0.53119355
983934704000,983935,1398519256296,9.80665,0.23154591,0.50395286
983972296000,983973,1398519256334,9.80665,0.19068487,0.50395286
984012357000,984013,1398519256374,9.765789,0.19068487,0.53119355
984042692000,984045,1398519256406,9.80665,0.19068487,0.53119355
984123851000,984124,1398519256485,9.80665,0.23154591,0.5720546
984163942000,984164,1398519256526,9.80665,0.19068487,0.53119355
984203881000,984204,1398519256565,9.80665,0.23154591,0.53119355
984283363000,984284,1398519256645,9.80665,0.19068487,0.50395286
984323393000,984324,1398519256685,9.80665,0.19068487,0.53119355
984363241000,984363,1398519256725,9.765789,0.23154591,0.53119355
984402479000,984403,1398519256764,9.765789,0.23154591,0.50395286
984442387000,984443,1398519256804,9.765789,0.23154591,0.53119355
984482387000,984483,1398519256844,9.80665,0.27240697,0.5720546
984512845000,984515,1398519256877,9.765789,0.23154591,0.53119355
984554003000,984554,1398519256916,9.80665,0.19068487,0.50395286
984594918000,984595,1398519256956,9.80665,0.27240697,0.46309182
984632357000,984633,1398519256994,9.765789,0.23154591,0.53119355
984712296000,984712,1398519257074,9.80665,0.23154591,0.50395286
984742814000,984745,1398519257107,9.765789,0.19068487,0.46309182
984784156000,984784,1398519257146,9.765789,0.23154591,0.50395286
984863607000,984864,1398519257225,9.765789,0.23154591,0.53119355
984903759000,984904,1398519257265,9.80665,0.23154591,0.50395286
984943759000,984944,1398519257305,9.80665,0.19068487,0.50395286
984983790000,984984,1398519257345,9.80665,0.23154591,0.50395286
985023881000,985024,1398519257385,9.765789,0.23154591,0.50395286
985064704000,985065,1398519257426,9.80665,0.23154591,0.50395286
985102448000,985103,1398519257464,9.765789,0.23154591,0.50395286
985142387000,985143,1398519257504,9.80665,0.23154591,0.50395286
985172723000,985181,1398519257542,9.765789,0.23154591,0.50395286
985213912000,985214,1398519257575,9.80665,0.23154591,0.53119355
985253912000,985254,1398519257615,9.80665,0.23154591,0.50395286
985294095000,985294,1398519257656,9.80665,0.19068487,0.50395286
985334003000,985334,1398519257696,9.80665,0.23154591,0.50395286
985373942000,985374,1398519257735,9.765789,0.23154591,0.50395286
985414003000,985414,1398519257776,9.80665,0.23154591,0.53119355
985453912000,985454,1398519257815,9.765789,0.23154591,0.50395286
985533759000,985534,1398519257895,9.80665,0.23154591,0.53119355
985573820000,985574,1398519257935,9.765789,0.23154591,0.46309182
985614796000,985615,1398519257976,9.80665,0.23154591,0.53119355
985652265000,985653,1398519258014,9.80665,0.23154591,0.50395286
985692296000,985692,1398519258054,9.765789,0.23154591,0.50395286
985764277000,985764,1398519258126,9.80665,0.23154591,0.53119355
985843912000,985844,1398519258206,9.80665,0.23154591,0.50395286
985883973000,985884,1398519258246,9.765789,0.23154591,0.46309182
985922570000,985923,1398519258284,9.80665,0.19068487,0.46309182
985962265000,985962,1398519258324,9.765789,0.19068487,0.46309182
986002265000,986002,1398519258364,9.765789,0.23154591,0.46309182
986032723000,986033,1398519258394,9.80665,0.23154591,0.46309182
986074552000,986075,1398519258436,9.765789,0.23154591,0.50395286
986153485000,986154,1398519258515,9.765789,0.23154591,0.53119355
986193576000,986194,1398519258555,9.80665,0.23154591,0.53119355
986233759000,986234,1398519258595,9.765789,0.23154591,0.50395286
986274277000,986274,1398519258636,9.724928,0.23154591,0.46309182
986314186000,986314,1398519258676,9.765789,0.23154591,0.50395286
986354186000,986354,1398519258716,9.765789,0.27240697,0.46309182
986394034000,986394,1398519258756,9.765789,0.23154591,0.50395286
986434095000,986434,1398519258796,9.765789,0.23154591,0.46309182
986474064000,986474,1398519258836,9.80665,0.23154591,0.46309182
986514064000,986514,1398519258876,9.765789,0.23154591,0.53119355
986554003000,986554,1398519258916,9.765789,0.23154591,0.50395286
986594003000,986594,1398519258956,9.80665,0.23154591,0.50395286
986634887000,986635,1398519258996,9.80665,0.23154591,0.53119355
986672509000,986673,1398519259034,9.765789,0.23154591,0.50395286
986712296000,986712,1398519259074,9.765789,0.19068487,0.50395286
986752296000,986752,1398519259114,9.80665,0.23154591,0.50395286
986792296000,986792,1398519259154,9.765789,0.23154591,0.46309182
986864430000,986865,1398519259226,9.765789,0.23154591,0.50395286
986904125000,986904,1398519259266,9.80665,0.23154591,0.50395286
986944125000,986944,1398519259306,9.80665,0.23154591,0.5720546
986984095000,986984,1398519259346,9.80665,0.23154591,0.50395286
987024156000,987024,1398519259386,9.765789,0.23154591,0.50395286
987103942000,987104,1398519259465,9.765789,0.19068487,0.50395286
987144217000,987144,1398519259506,9.80665,0.23154591,0.50395286
987184308000,987184,1398519259546,9.765789,0.23154591,0.50395286
987264826000,987265,1398519259626,9.724928,0.27240697,0.50395286
987302418000,987303,1398519259664,9.80665,0.23154591,0.50395286
987342326000,987343,1398519259704,9.765789,0.23154591,0.50395286
987382357000,987383,1398519259744,9.765789,0.23154591,0.46309182
987442326000,987442,1398519259804,9.765789,0.27240697,0.46309182
987474125000,987474,1398519259836,9.765789,0.23154591,0.50395286
987513668000,987514,1398519259875,9.765789,0.23154591,0.46309182
987593668000,987594,1398519259955,9.765789,0.27240697,0.46309182
987633912000,987634,1398519259995,9.724928,0.23154591,0.50395286
987674338000,987675,1398519260036,9.765789,0.23154591,0.50395286
987754034000,987754,1398519260116,9.765789,0.27240697,0.50395286
987794186000,987794,1398519260156,9.80665,0.23154591,0.50395286
987834125000,987834,1398519260196,9.765789,0.23154591,0.50395286
987913790000,987914,1398519260275,9.765789,0.19068487,0.50395286
987954186000,987954,1398519260316,9.80665,0.27240697,0.50395286
987994247000,987994,1398519260356,9.765789,0.23154591,0.50395286
988153942000,988154,1398519260515,9.80665,0.19068487,0.53119355
988194156000,988194,1398519260556,9.80665,0.23154591,0.53119355
988234217000,988234,1398519260596,9.80665,0.27240697,0.50395286
988274186000,988274,1398519260636,9.80665,0.23154591,0.46309182
988314217000,988314,1398519260676,9.765789,0.23154591,0.50395286
988354430000,988355,1398519260716,9.765789,0.23154591,0.53119355
988394308000,988395,1398519260756,9.765789,0.23154591,0.50395286
988434156000,988434,1398519260796,9.765789,0.23154591,0.46309182
988474186000,988474,1398519260836,9.80665,0.23154591,0.46309182
988514156000,988514,1398519260876,9.765789,0.19068487,0.46309182
988554186000,988554,1398519260916,9.765789,0.23154591,0.46309182
988594156000,988594,1398519260956,9.765789,0.23154591,0.50395286
988675009000,988675,1398519261037,9.80665,0.19068487,0.53119355
988712753000,988713,1398519261074,9.80665,0.23154591,0.50395286
988752296000,988752,1398519261114,9.80665,0.19068487,0.50395286
988832296000,988832,1398519261194,9.765789,0.23154591,0.50395286
988862967000,988863,1398519261225,9.765789,0.23154591,0.53119355
988904857000,988905,1398519261266,9.80665,0.19068487,0.53119355
988944399000,988945,1398519261306,9.80665,0.23154591,0.50395286
988984430000,988985,1398519261346,9.765789,0.23154591,0.50395286
989024308000,989025,1398519261386,9.765789,0.27240697,0.50395286
989104979000,989105,1398519261467,9.724928,0.23154591,0.42223078
989142448000,989143,1398519261504,9.765789,0.23154591,0.50395286
989182479000,989183,1398519261544,9.80665,0.23154591,0.50395286
989222387000,989223,1398519261584,9.80665,0.19068487,0.53119355
989252692000,989253,1398519261614,9.80665,0.23154591,0.53119355
989295009000,989295,1398519261657,9.765789,0.23154591,0.50395286
989334156000,989334,1398519261696,9.765789,0.19068487,0.50395286
989374369000,989375,1398519261736,9.80665,0.27240697,0.50395286
989454125000,989454,1398519261816,9.80665,0.23154591,0.50395286
989494156000,989494,1398519261856,9.80665,0.23154591,0.53119355
989534460000,989535,1398519261896,9.765789,0.23154591,0.53119355
989574247000,989574,1398519261936,9.80665,0.23154591,0.50395286
989614521000,989615,1398519261976,9.765789,0.23154591,0.53119355
989654247000,989654,1398519262016,9.80665,0.23154591,0.50395286
989694308000,989695,1398519262056,9.80665,0.19068487,0.50395286
989734399000,989735,1398519262096,9.80665,0.23154591,0.50395286
989854064000,989854,1398519262216,9.765789,0.23154591,0.50395286
989894186000,989894,1398519262256,9.80665,0.19068487,0.50395286
989934186000,989934,1398519262296,9.80665,0.23154591,0.53119355
989974186000,989974,1398519262336,9.80665,0.23154591,0.50395286
990014247000,990014,1398519262376,9.80665,0.23154591,0.46309182
990054399000,990055,1398519262416,9.765789,0.23154591,0.50395286
990134948000,990135,1398519262497,9.80665,0.23154591,0.46309182
990172479000,990173,1398519262534,9.80665,0.23154591,0.50395286
990214704000,990215,1398519262576,9.765789,0.23154591,0.50395286
990292387000,990293,1398519262654,9.80665,0.19068487,0.53119355
990332296000,990332,1398519262694,9.765789,0.23154591,0.50395286
990404674000,990405,1398519262766,9.765789,0.19068487,0.50395286
990443851000,990444,1398519262805,9.765789,0.23154591,0.46309182
990484552000,990485,1398519262846,9.765789,0.23154591,0.53119355
990562387000,990563,1398519262924,9.765789,0.23154591,0.50395286
990594765000,990595,1398519262956,9.765789,0.23154591,0.53119355
990633851000,990634,1398519262995,9.80665,0.23154591,0.5720546
990673668000,990674,1398519263035,9.765789,0.27240697,0.53119355
990713515000,990714,1398519263075,9.765789,0.23154591,0.50395286
990753576000,990754,1398519263115,9.724928,0.27240697,0.53119355
990793393000,990794,1398519263155,9.765789,0.23154591,0.50395286
990872296000,990872,1398519263234,9.765789,0.23154591,0.46309182
990912296000,990912,1398519263274,9.80665,0.23154591,0.50395286
990984887000,990985,1398519263346,9.765789,0.19068487,0.50395286
991024034000,991024,1398519263386,9.80665,0.23154591,0.50395286
991064643000,991065,1398519263426,9.80665,0.23154591,0.53119355
991102326000,991103,1398519263464,9.80665,0.23154591,0.50395286
991142418000,991143,1398519263504,9.765789,0.23154591,0.46309182
991172723000,991175,1398519263536,9.765789,0.19068487,0.53119355
991213942000,991214,1398519263575,9.80665,0.19068487,0.46309182
991253698000,991254,1398519263615,9.765789,0.19068487,0.53119355
991293424000,991294,1398519263655,9.80665,0.23154591,0.53119355
991332357000,991333,1398519263694,9.80665,0.19068487,0.53119355
991372265000,991372,1398519263734,9.80665,0.19068487,0.50395286
991412418000,991413,1398519263774,9.765789,0.23154591,0.50395286
991444796000,991445,1398519263806,9.765789,0.19068487,0.50395286
991483912000,991484,1398519263845,9.80665,0.19068487,0.50395286
991524125000,991524,1398519263886,9.765789,0.23154591,0.53119355
991564095000,991564,1398519263926,9.80665,0.23154591,0.50395286
991643424000,991644,1398519264005,9.80665,0.23154591,0.53119355
991683363000,991684,1398519264045,9.765789,0.23154591,0.53119355
991722418000,991723,1398519264084,9.765789,0.19068487,0.50395286
991762296000,991762,1398519264124,9.80665,0.23154591,0.50395286
991802326000,991802,1398519264164,9.80665,0.19068487,0.46309182
991834857000,991835,1398519264196,9.765789,0.23154591,0.50395286
991873942000,991874,1398519264235,9.765789,0.23154591,0.46309182
991913851000,991914,1398519264275,9.80665,0.23154591,0.50395286
991953607000,991954,1398519264315,9.80665,0.23154591,0.46309182
991993515000,991994,1398519264355,9.765789,0.23154591,0.50395286
992032540000,992033,1398519264394,9.765789,0.19068487,0.50395286
992072418000,992073,1398519264434,9.80665,0.23154591,0.46309182
992112326000,992113,1398519264474,9.765789,0.19068487,0.50395286
992185040000,992185,1398519264547,9.765789,0.23154591,0.50395286
992224277000,992224,1398519264586,9.765789,0.23154591,0.53119355
992264217000,992264,1398519264626,9.765789,0.23154591,0.46309182
992304095000,992304,1398519264666,9.765789,0.23154591,0.50395286
992344064000,992344,1398519264706,9.80665,0.23154591,0.53119355
992384034000,992384,1398519264746,9.765789,0.19068487,0.50395286
992424674000,992425,1398519264786,9.765789,0.23154591,0.50395286
992502540000,992503,1398519264864,9.765789,0.19068487,0.46309182
992532753000,992535,1398519264897,9.80665,0.19068487,0.50395286
992574064000,992574,1398519264936,9.80665,0.23154591,0.50395286
992614613000,992615,1398519264976,9.765789,0.23154591,0.50395286
992652265000,992652,1398519265014,9.765789,0.23154591,0.53119355
992692296000,992692,1398519265054,9.80665,0.19068487,0.50395286
992722692000,992725,1398519265086,9.80665,0.23154591,0.53119355
992803576000,992804,1398519265165,9.765789,0.23154591,0.53119355
992843698000,992844,1398519265205,9.765789,0.19068487,0.50395286
992883759000,992884,1398519265245,9.80665,0.23154591,0.46309182
992924704000,992925,1398519265286,9.765789,0.23154591,0.53119355
993002540000,993003,1398519265364,9.80665,0.19068487,0.53119355
993032692000,993035,1398519265397,9.80665,0.23154591,0.53119355
993074003000,993074,1398519265436,9.80665,0.23154591,0.50395286
993114125000,993114,1398519265476,9.765789,0.23154591,0.46309182
993154064000,993154,1398519265516,9.80665,0.23154591,0.46309182
993194674000,993195,1398519265556,9.80665,0.23154591,0.53119355
993272448000,993273,1398519265634,9.80665,0.19068487,0.50395286
993302784000,993305,1398519265667,9.80665,0.23154591,0.50395286
993344217000,993344,1398519265706,9.765789,0.23154591,0.50395286
993384125000,993384,1398519265746,9.765789,0.19068487,0.53119355
993424064000,993424,1398519265786,9.765789,0.23154591,0.46309182
993464217000,993464,1398519265826,9.724928,0.19068487,0.50395286
993504125000,993504,1398519265866,9.80665,0.23154591,0.53119355
993544095000,993544,1398519265906,9.80665,0.19068487,0.50395286
993584735000,993585,1398519265946,9.80665,0.19068487,0.53119355
993622448000,993623,1398519265984,9.80665,0.23154591,0.50395286
993662357000,993663,1398519266024,9.80665,0.23154591,0.53119355
993692692000,993695,1398519266057,9.80665,0.19068487,0.50395286
993773759000,993774,1398519266135,9.80665,0.19068487,0.5720546
993814826000,993815,1398519266176,9.80665,0.23154591,0.53119355
993852296000,993852,1398519266214,9.765789,0.19068487,0.50395286
993892326000,993893,1398519266254,9.765789,0.23154591,0.46309182
993922692000,993925,1398519266287,9.80665,0.23154591,0.50395286
993964156000,993964,1398519266326,9.80665,0.23154591,0.53119355
994043759000,994044,1398519266405,9.765789,0.23154591,0.46309182
994083912000,994084,1398519266445,9.765789,0.23154591,0.53119355
994124003000,994124,1398519266486,9.80665,0.23154591,0.53119355
994163973000,994164,1398519266526,9.80665,0.23154591,0.50395286
994242357000,994243,1398519266604,9.80665,0.23154591,0.46309182
994282418000,994283,1398519266644,9.765789,0.23154591,0.50395286
994322296000,994323,1398519266684,9.765789,0.23154591,0.53119355
994352723000,994355,1398519266717,9.765789,0.23154591,0.50395286
994394217000,994394,1398519266756,9.80665,0.23154591,0.53119355
994433973000,994434,1398519266796,9.80665,0.23154591,0.50395286
994474918000,994475,1398519266837,9.765789,0.27240697,0.50395286
994512357000,994513,1398519266874,9.80665,0.23154591,0.53119355
994552296000,994552,1398519266914,9.765789,0.19068487,0.50395286
994592326000,994592,1398519266954,9.80665,0.19068487,0.53119355
994625284000,994625,1398519266987,9.80665,0.23154591,0.53119355
994664369000,994665,1398519267026,9.80665,0.23154591,0.50395286
994704095000,994704,1398519267066,9.80665,0.23154591,0.53119355
994783790000,994784,1398519267145,9.765789,0.23154591,0.50395286
994862570000,994863,1398519267224,9.765789,0.19068487,0.50395286
994902326000,994902,1398519267264,9.765789,0.23154591,0.50395286
994942357000,994943,1398519267304,9.80665,0.23154591,0.53119355
995014064000,995014,1398519267376,9.765789,0.23154591,0.53119355
995054003000,995054,1398519267416,9.80665,0.23154591,0.5720546
995094704000,995095,1398519267456,9.765789,0.23154591,0.53119355
995132448000,995133,1398519267494,9.765789,0.19068487,0.53119355
995172296000,995173,1398519267534,9.80665,0.23154591,0.50395286
995202692000,995210,1398519267571,9.80665,0.23154591,0.53119355
995283637000,995284,1398519267645,9.765789,0.23154591,0.50395286
995364156000,995364,1398519267726,9.80665,0.23154591,0.5720546
995404125000,995404,1398519267766,9.80665,0.23154591,0.50395286
995444156000,995444,1398519267806,9.80665,0.19068487,0.5720546
995484217000,995484,1398519267846,9.765789,0.23154591,0.53119355
995524156000,995524,1398519267886,9.765789,0.19068487,0.5720546
995564217000,995564,1398519267926,9.80665,0.23154591,0.53119355
995643851000,995644,1398519268005,9.80665,0.27240697,0.5720546
995684308000,995685,1398519268046,9.765789,0.19068487,0.53119355
995724095000,995724,1398519268086,9.765789,0.19068487,0.5720546
995764156000,995764,1398519268126,9.80665,0.19068487,0.53119355
995804064000,995804,1398519268166,9.80665,0.19068487,0.5720546
995844125000,995844,1398519268206,9.765789,0.23154591,0.53119355
995884095000,995884,1398519268246,9.80665,0.23154591,0.53119355
995924064000,995924,1398519268286,9.765789,0.23154591,0.53119355
995964095000,995964,1398519268326,9.80665,0.23154591,0.5720546
996004826000,996005,1398519268366,9.80665,0.23154591,0.53119355
996123576000,996124,1398519268485,9.80665,0.19068487,0.53119355
996163851000,996164,1398519268525,9.765789,0.23154591,0.53119355
996204095000,996204,1398519268566,9.80665,0.23154591,0.50395286
996244095000,996244,1398519268606,9.765789,0.23154591,0.5720546
996284125000,996284,1398519268646,9.80665,0.19068487,0.53119355
996324186000,996324,1398519268686,9.80665,0.19068487,0.50395286
996364308000,996365,1398519268726,9.765789,0.19068487,0.53119355
996404156000,996404,1398519268766,9.80665,0.23154591,0.53119355
996444156000,996444,1398519268806,9.765789,0.23154591,0.53119355
996484125000,996484,1398519268846,9.80665,0.23154591,0.50395286
996524247000,996524,1398519268886,9.765789,0.19068487,0.53119355
996564125000,996564,1398519268926,9.80665,0.23154591,0.5720546
996604125000,996604,1398519268966,9.80665,0.23154591,0.50395286
996644460000,996645,1398519269006,9.765789,0.23154591,0.50395286
996684338000,996685,1398519269046,9.765789,0.19068487,0.50395286
996724277000,996724,1398519269086,9.765789,0.23154591,0.50395286
996764125000,996764,1398519269126,9.765789,0.23154591,0.53119355
996804095000,996804,1398519269166,9.765789,0.19068487,0.53119355
996844125000,996844,1398519269206,9.765789,0.23154591,0.53119355
996884125000,996884,1398519269246,9.765789,0.23154591,0.50395286
996924125000,996924,1398519269286,9.80665,0.23154591,0.46309182
996964125000,996964,1398519269326,9.80665,0.19068487,0.50395286
997004582000,997005,1398519269366,9.80665,0.23154591,0.50395286
997044338000,997045,1398519269406,9.765789,0.23154591,0.53119355
997084125000,997084,1398519269446,9.765789,0.23154591,0.50395286
997124186000,997124,1398519269486,9.80665,0.23154591,0.53119355
997164186000,997164,1398519269526,9.765789,0.23154591,0.50395286
997244003000,997244,1398519269606,9.80665,0.19068487,0.50395286
997284338000,997285,1398519269646,9.80665,0.23154591,0.53119355
997324156000,997324,1398519269686,9.765789,0.23154591,0.50395286
997404308000,997405,1398519269766,9.724928,0.23154591,0.46309182
997444156000,997444,1398519269806,9.765789,0.23154591,0.46309182
997484125000,997484,1398519269846,9.80665,0.23154591,0.53119355
997524186000,997524,1398519269886,9.765789,0.23154591,0.50395286
997564156000,997564,1398519269926,9.765789,0.23154591,0.53119355
997604125000,997604,1398519269966,9.765789,0.23154591,0.50395286
997644125000,997644,1398519270006,9.724928,0.23154591,0.50395286
997684308000,997685,1398519270046,9.765789,0.23154591,0.53119355
997724369000,997725,1398519270086,9.765789,0.23154591,0.50395286
997803942000,997804,1398519270165,9.765789,0.23154591,0.53119355
997844186000,997844,1398519270206,9.765789,0.23154591,0.50395286
997924247000,997924,1398519270286,9.80665,0.23154591,0.50395286
997964217000,997964,1398519270326,9.80665,0.27240697,0.46309182
998004217000,998004,1398519270366,9.765789,0.23154591,0.46309182
998044369000,998045,1398519270406,9.765789,0.27240697,0.46309182
998084247000,998085,1398519270446,9.765789,0.23154591,0.50395286
998124156000,998124,1398519270486,9.765789,0.19068487,0.53119355
998164156000,998164,1398519270526,9.765789,0.23154591,0.53119355
998204156000,998204,1398519270566,9.765789,0.23154591,0.50395286
998244217000,998244,1398519270606,9.80665,0.23154591,0.53119355
998284186000,998284,1398519270646,9.80665,0.23154591,0.50395286
998324186000,998324,1398519270686,9.765789,0.23154591,0.53119355
998364399000,998365,1398519270726,9.80665,0.23154591,0.53119355
998404399000,998405,1398519270766,9.765789,0.19068487,0.50395286
998444186000,998444,1398519270806,9.80665,0.23154591,0.53119355
998484217000,998484,1398519270846,9.80665,0.19068487,0.53119355
998524217000,998524,1398519270886,9.80665,0.23154591,0.5720546
998564399000,998565,1398519270926,9.847511,0.19068487,0.5720546
998604460000,998605,1398519270966,9.80665,0.23154591,0.53119355
998684918000,998685,1398519271046,9.765789,0.23154591,0.53119355
998722753000,998723,1398519271084,9.80665,0.19068487,0.53119355
998762387000,998763,1398519271124,9.80665,0.23154591,0.53119355
998802296000,998802,1398519271164,9.80665,0.27240697,0.50395286
998842326000,998843,1398519271204,9.765789,0.23154591,0.50395286
998872967000,998873,1398519271235,9.80665,0.23154591,0.50395286
998915009000,998915,1398519271277,9.80665,0.23154591,0.53119355
998954247000,998955,1398519271316,9.847511,0.19068487,0.53119355
998994217000,998994,1398519271356,9.765789,0.19068487,0.50395286
999034247000,999034,1398519271396,9.847511,0.23154591,0.53119355
999113942000,999114,1398519271475,9.80665,0.23154591,0.50395286
999154247000,999154,1398519271516,9.80665,0.27240697,0.53119355
999193698000,999194,1398519271555,9.765789,0.23154591,0.50395286
999234430000,999235,1398519271596,9.80665,0.23154591,0.46309182
999274399000,999275,1398519271636,9.80665,0.23154591,0.50395286
999314217000,999314,1398519271676,9.80665,0.23154591,0.53119355
999354247000,999354,1398519271716,9.80665,0.19068487,0.50395286
999394186000,999394,1398519271756,9.765789,0.23154591,0.50395286
999434217000,999434,1398519271796,9.80665,0.23154591,0.50395286
999474217000,999474,1398519271836,9.80665,0.23154591,0.53119355
999592723000,999593,1398519271954,9.80665,0.23154591,0.50395286
999632326000,999633,1398519271994,9.80665,0.23154591,0.53119355
999713698000,999714,1398519272075,9.80665,0.23154591,0.5720546
999753302000,999753,1398519272115,9.765789,0.23154591,0.5720546
999798485000,999799,1398519272160,9.765789,0.27240697,0.53119355
999832357000,999840,1398519272201,9.80665,0.23154591,0.46309182
999872509000,999872,1398519272234,9.80665,0.19068487,0.50395286
999904765000,999905,1398519272266,9.80665,0.19068487,0.53119355
999942357000,999942,1398519272303,9.847511,0.19068487,0.53119355
999982174000,999982,1398519272343,9.847511,0.23154591,0.50395286
1000014704000,1000014,1398519272376,9.80665,0.23154591,0.53119355
1000053027000,1000053,1398519272414,9.80665,0.23154591,0.50395286
1000092296000,1000092,1398519272454,9.80665,0.23154591,0.53119355
1000124430000,1000125,1398519272486,9.765789,0.23154591,0.53119355
1000163881000,1000164,1398519272525,9.765789,0.19068487,0.53119355
1000203698000,1000204,1398519272565,9.80665,0.23154591,0.5720546
1000243607000,1000244,1398519272605,9.80665,0.23154591,0.53119355
1000283515000,1000284,1398519272645,9.80665,0.19068487,0.50395286
1000323241000,1000323,1398519272685,9.80665,0.23154591,0.50395286
1000362387000,1000363,1398519272724,9.765789,0.23154591,0.53119355
1000442296000,1000442,1398519272804,9.765789,0.23154591,0.50395286
1000474887000,1000475,1398519272836,9.80665,0.19068487,0.50395286
1000514277000,1000514,1398519272876,9.765789,0.23154591,0.53119355
1000554277000,1000554,1398519272916,9.80665,0.23154591,0.53119355
1000692265000,1000692,1398519273054,9.80665,0.23154591,0.50395286
1000723119000,1000725,1398519273087,9.847511,0.19068487,0.53119355
1000764582000,1000765,1398519273126,9.847511,0.19068487,0.50395286
1000803820000,1000804,1398519273165,9.80665,0.23154591,0.53119355
1000843637000,1000844,1398519273205,9.80665,0.19068487,0.53119355
1000883393000,1000884,1398519273245,9.80665,0.23154591,0.53119355
1000922387000,1000923,1398519273284,9.80665,0.23154591,0.50395286
1001002479000,1001003,1398519273364,9.765789,0.23154591,0.50395286
1001032753000,1001035,1398519273396,9.80665,0.19068487,0.50395286
1001073790000,1001074,1398519273435,9.80665,0.23154591,0.50395286
1001113729000,1001114,1398519273475,9.80665,0.23154591,0.53119355
1001154582000,1001155,1398519273516,9.765789,0.19068487,0.46309182
1001192265000,1001192,1398519273554,9.765789,0.23154591,0.46309182
1001232326000,1001233,1398519273594,9.80665,0.23154591,0.50395286
1001262784000,1001265,1398519273626,9.765789,0.23154591,0.50395286
1001303912000,1001304,1398519273665,9.765789,0.19068487,0.50395286
1001344582000,1001345,1398519273706,9.80665,0.23154591,0.50395286
1001382357000,1001383,1398519273744,9.765789,0.19068487,0.50395286
1001422723000,1001423,1398519273784,9.80665,0.19068487,0.50395286
1001452723000,1001455,1398519273816,9.765789,0.23154591,0.53119355
1001493912000,1001494,1398519273855,9.80665,0.23154591,0.50395286
1001534552000,1001535,1398519273896,9.80665,0.19068487,0.53119355
1001572326000,1001573,1398519273934,9.765789,0.23154591,0.53119355
1001612418000,1001613,1398519273974,9.80665,0.19068487,0.53119355
1001642692000,1001645,1398519274006,9.80665,0.19068487,0.50395286
1001683851000,1001684,1398519274045,9.80665,0.23154591,0.50395286
1001763637000,1001764,1398519274125,9.80665,0.23154591,0.53119355
1001804064000,1001804,1398519274166,9.765789,0.23154591,0.46309182
1001843942000,1001844,1398519274206,9.80665,0.23154591,0.53119355
1001883942000,1001884,1398519274245,9.765789,0.23154591,0.50395286
1001923912000,1001924,1398519274285,9.80665,0.23154591,0.53119355
1001963851000,1001964,1398519274325,9.80665,0.19068487,0.50395286
1002003851000,1002004,1398519274365,9.765789,0.19068487,0.5720546
1002044582000,1002045,1398519274406,9.80665,0.23154591,0.53119355
1002082296000,1002082,1398519274444,9.765789,0.19068487,0.50395286
1002122540000,1002123,1398519274484,9.765789,0.14982383,0.50395286
1002152692000,1002155,1398519274516,9.765789,0.23154591,0.53119355
1002193973000,1002194,1398519274556,9.80665,0.23154591,0.5720546
1002234582000,1002235,1398519274596,9.765789,0.23154591,0.50395286
1002272509000,1002273,1398519274634,9.80665,0.23154591,0.53119355
1002312265000,1002313,1398519274674,9.80665,0.23154591,0.50395286
1002352296000,1002352,1398519274714,9.765789,0.19068487,0.50395286
1002392296000,1002392,1398519274754,9.80665,0.19068487,0.50395286
1002424765000,1002425,1398519274786,9.765789,0.23154591,0.46309182
1002502357000,1002503,1398519274864,9.765789,0.19068487,0.50395286
1002532967000,1002541,1398519274902,9.80665,0.19068487,0.50395286
1002613729000,1002614,1398519274975,9.765789,0.23154591,0.50395286
1002722235000,1002722,1398519275084,9.765789,0.19068487,0.50395286
1002752296000,1002752,1398519275114,9.80665,0.23154591,0.50395286
1002782875000,1002785,1398519275147,9.80665,0.23154591,0.53119355
1002824338000,1002825,1398519275186,9.80665,0.23154591,0.5720546
1002864064000,1002864,1398519275226,9.80665,0.23154591,0.50395286
1002904064000,1002904,1398519275266,9.80665,0.23154591,0.46309182
1002983607000,1002984,1398519275345,9.765789,0.27240697,0.46309182
1003023881000,1003024,1398519275385,9.765789,0.23154591,0.42223078
1003064095000,1003064,1398519275426,9.765789,0.23154591,0.46309182
1003143973000,1003144,1398519275506,9.765789,0.23154591,0.50395286
1003184217000,1003184,1398519275546,9.765789,0.23154591,0.53119355
1003224064000,1003224,1398519275586,9.80665,0.23154591,0.53119355
1003264095000,1003264,1398519275626,9.80665,0.23154591,0.50395286
1003304095000,1003304,1398519275666,9.765789,0.23154591,0.50395286
1003344095000,1003344,1398519275706,9.765789,0.19068487,0.53119355
1003384064000,1003384,1398519275746,9.765789,0.23154591,0.53119355
1003424735000,1003425,1398519275786,9.765789,0.23154591,0.50395286
1003502357000,1003503,1398519275864,9.765789,0.27240697,0.50395286
1003532723000,1003541,1398519275902,9.765789,0.23154591,0.50395286
1003573942000,1003574,1398519275935,9.765789,0.19068487,0.50395286
1003614674000,1003615,1398519275976,9.765789,0.23154591,0.50395286
1003692296000,1003692,1398519276054,9.80665,0.23154591,0.50395286
1003722723000,1003725,1398519276087,9.765789,0.19068487,0.50395286
1003803759000,1003804,1398519276165,9.656827,0.19068487,0.53119355
1003844217000,1003844,1398519276206,9.765789,0.23154591,0.53119355
1003883973000,1003884,1398519276246,9.80665,0.23154591,0.53119355
1003923973000,1003924,1398519276286,9.765789,0.23154591,0.53119355
1003964003000,1003964,1398519276326,9.80665,0.23154591,0.50395286
1004004064000,1004004,1398519276366,9.765789,0.23154591,0.42223078
1004044034000,1004044,1398519276406,9.765789,0.19068487,0.50395286
1004083973000,1004084,1398519276446,9.765789,0.23154591,0.50395286
1004124704000,1004125,1398519276486,9.765789,0.19068487,0.53119355
1004162387000,1004163,1398519276524,9.80665,0.23154591,0.53119355
1004202265000,1004202,1398519276564,9.80665,0.23154591,0.50395286
1004274034000,1004274,1398519276636,9.765789,0.23154591,0.50395286
1004314674000,1004315,1398519276676,9.765789,0.23154591,0.46309182
1004354247000,1004354,1398519276716,9.765789,0.19068487,0.50395286
1004394034000,1004394,1398519276756,9.765789,0.23154591,0.50395286
1004434003000,1004434,1398519276796,9.765789,0.23154591,0.53119355
1004474704000,1004475,1398519276836,9.765789,0.23154591,0.50395286
1004552326000,1004553,1398519276915,9.765789,0.19068487,0.46309182
1004592265000,1004592,1398519276954,9.765789,0.19068487,0.50395286
1004663607000,1004664,1398519277025,9.80665,0.19068487,0.50395286
1004703820000,1004704,1398519277065,9.765789,0.23154591,0.46309182
1004743881000,1004744,1398519277105,9.80665,0.23154591,0.46309182
1004784003000,1004784,1398519277146,9.765789,0.23154591,0.50395286
1004864979000,1004865,1398519277227,9.765789,0.23154591,0.53119355
1004902357000,1004903,1398519277264,9.724928,0.27240697,0.53119355
1004952357000,1004953,1398519277314,9.765789,0.23154591,0.5720546
1004992631000,1004993,1398519277354,9.765789,0.23154591,0.50395286
1005022784000,1005025,1398519277387,9.765789,0.23154591,0.46309182
1005064186000,1005064,1398519277426,9.765789,0.23154591,0.50395286
1005104217000,1005104,1398519277466,9.80665,0.19068487,0.53119355
1005144277000,1005144,1398519277506,9.765789,0.23154591,0.50395286
1005184369000,1005185,1398519277546,9.724928,0.23154591,0.50395286
1005224277000,1005225,1398519277586,9.765789,0.23154591,0.50395286
1005264247000,1005264,1398519277626,9.765789,0.23154591,0.46309182
1005304186000,1005304,1398519277666,9.80665,0.23154591,0.50395286
1005344217000,1005344,1398519277706,9.80665,0.19068487,0.53119355
1005384217000,1005384,1398519277746,9.80665,0.23154591,0.53119355
1005424217000,1005424,1398519277786,9.765789,0.23154591,0.50395286
1005464186000,1005464,1398519277826,9.765789,0.23154591,0.53119355
1005504430000,1005505,1398519277866,9.765789,0.19068487,0.50395286
1005544399000,1005545,1398519277906,9.765789,0.23154591,0.50395286
1005583668000,1005584,1398519277945,9.80665,0.19068487,0.50395286
1005624277000,1005624,1398519277986,9.80665,0.23154591,0.50395286
1005664217000,1005664,1398519278026,9.765789,0.23154591,0.50395286
1005704186000,1005704,1398519278066,9.765789,0.23154591,0.53119355
1005744186000,1005744,1398519278106,9.765789,0.23154591,0.50395286
1005784217000,1005784,1398519278146,9.724928,0.23154591,0.50395286
1005824399000,1005825,1398519278186,9.765789,0.23154591,0.50395286
1005864460000,1005865,1398519278226,9.80665,0.19068487,0.53119355
1005943912000,1005944,1398519278305,9.80665,0.19068487,0.50395286
1005984887000,1005985,1398519278346,9.80665,0.23154591,0.50395286
1006062357000,1006063,1398519278424,9.765789,0.23154591,0.50395286
1006092723000,1006093,1398519278454,9.724928,0.23154591,0.50395286
1006134918000,1006135,1398519278496,9.765789,0.23154591,0.50395286
1006174125000,1006174,1398519278536,9.765789,0.23154591,0.46309182
1006214186000,1006214,1398519278576,9.724928,0.23154591,0.46309182
1006294003000,1006294,1398519278656,9.765789,0.23154591,0.50395286
1006374308000,1006375,1398519278736,9.765789,0.19068487,0.50395286
1006414125000,1006414,1398519278776,9.765789,0.23154591,0.50395286
1006454156000,1006454,1398519278816,9.765789,0.23154591,0.53119355
1006494125000,1006494,1398519278856,9.765789,0.23154591,0.50395286
1006538210000,1006538,1398519278900,9.765789,0.23154591,0.46309182
1006574217000,1006574,1398519278936,9.765789,0.23154591,0.42223078
1006614125000,1006614,1398519278976,9.765789,0.23154591,0.50395286
1006654156000,1006654,1398519279016,9.724928,0.23154591,0.50395286
1006694308000,1006694,1398519279056,9.765789,0.23154591,0.50395286
1006734308000,1006735,1398519279096,9.80665,0.23154591,0.50395286
1006774125000,1006774,1398519279136,9.765789,0.23154591,0.50395286
1006814125000,1006814,1398519279176,9.80665,0.23154591,0.46309182
1006854186000,1006854,1398519279216,9.765789,0.23154591,0.53119355
1006894277000,1006894,1398519279256,9.765789,0.23154591,0.50395286
1006934125000,1006934,1398519279296,9.80665,0.23154591,0.50395286
1006974125000,1006974,1398519279336,9.80665,0.23154591,0.53119355
1007054369000,1007055,1398519279416,9.765789,0.27240697,0.53119355
1007094156000,1007094,1398519279456,9.765789,0.27240697,0.46309182
1007134217000,1007134,1398519279496,9.80665,0.19068487,0.50395286
1007174156000,1007174,1398519279536,9.80665,0.23154591,0.53119355
1007214186000,1007214,1398519279576,9.80665,0.23154591,0.46309182
1007254156000,1007254,1398519279616,9.765789,0.19068487,0.46309182
1007294125000,1007294,1398519279656,9.765789,0.19068487,0.50395286
1007334125000,1007334,1398519279696,9.765789,0.23154591,0.50395286
1007374338000,1007375,1398519279736,9.765789,0.19068487,0.53119355
1007414277000,1007415,1398519279776,9.765789,0.23154591,0.53119355
1007493790000,1007494,1398519279855,9.765789,0.23154591,0.50395286
1007534277000,1007534,1398519279896,9.765789,0.23154591,0.53119355
1007574156000,1007574,1398519279936,9.80665,0.19068487,0.53119355
1007614156000,1007614,1398519279976,9.765789,0.23154591,0.50395286
1007654156000,1007654,1398519280016,9.765789,0.27240697,0.50395286
1007694308000,1007694,1398519280056,9.765789,0.23154591,0.53119355
1007734369000,1007735,1398519280096,9.765789,0.19068487,0.53119355
1007774186000,1007774,1398519280136,9.80665,0.23154591,0.50395286
1007814125000,1007814,1398519280176,9.765789,0.23154591,0.50395286
1007854186000,1007854,1398519280216,9.80665,0.19068487,0.53119355
1007894156000,1007894,1398519280256,9.80665,0.19068487,0.50395286
1007934217000,1007934,1398519280296,9.80665,0.23154591,0.53119355
1007974156000,1007974,1398519280336,9.80665,0.19068487,0.50395286
1008134887000,1008135,1398519280496,9.80665,0.23154591,0.46309182
1008172326000,1008173,1398519280534,9.80665,0.19068487,0.50395286
1008252296000,1008252,1398519280614,9.80665,0.23154591,0.50395286
1008312296000,1008312,1398519280674,9.765789,0.19068487,0.53119355
1008344308000,1008345,1398519280706,9.80665,0.19068487,0.50395286
1008384217000,1008384,1398519280746,9.765789,0.23154591,0.50395286
1008464857000,1008465,1398519280826,9.80665,0.23154591,0.53119355
1008582357000,1008583,1398519280944,9.765789,0.19068487,0.53119355
1008612692000,1008621,1398519280982,9.80665,0.23154591,0.53119355
1008654430000,1008655,1398519281016,9.80665,0.23154591,0.50395286
1008694095000,1008694,1398519281056,9.765789,0.23154591,0.53119355
1008734338000,1008735,1398519281096,9.80665,0.19068487,0.50395286
1008773576000,1008774,1398519281135,9.80665,0.23154591,0.50395286
1008893668000,1008894,1398519281255,9.80665,0.23154591,0.53119355
1008934826000,1008935,1398519281296,9.765789,0.23154591,0.50395286
1008972357000,1008973,1398519281334,9.80665,0.19068487,0.53119355
1009052631000,1009053,1398519281414,9.80665,0.14982383,0.50395286
1009112265000,1009112,1398519281474,9.80665,0.19068487,0.50395286
1009152326000,1009152,1398519281514,9.80665,0.23154591,0.53119355
1009184552000,1009185,1398519281546,9.765789,0.19068487,0.50395286
1009224247000,1009224,1398519281586,9.80665,0.23154591,0.50395286
1009264125000,1009264,1398519281626,9.765789,0.23154591,0.50395286
1009304674000,1009305,1398519281666,9.80665,0.19068487,0.53119355
1009342326000,1009343,1398519281704,9.80665,0.19068487,0.50395286
1009414247000,1009414,1398519281776,9.80665,0.23154591,0.50395286
1009492326000,1009493,1398519281854,9.80665,0.23154591,0.53119355
1009532265000,1009532,1398519281894,9.80665,0.19068487,0.53119355
1009604552000,1009605,1398519281966,9.80665,0.23154591,0.53119355
1009643912000,1009644,1398519282006,9.80665,0.23154591,0.50395286
1009752326000,1009752,1398519282114,9.80665,0.19068487,0.53119355
1009782357000,1009783,1398519282144,9.80665,0.23154591,0.50395286
1009812753000,1009815,1398519282177,9.80665,0.19068487,0.46309182
1009853790000,1009854,1398519282215,9.765789,0.19068487,0.50395286
1009893515000,1009894,1398519282255,9.80665,0.19068487,0.50395286
1009933271000,1009933,1398519282295,9.80665,0.19068487,0.46309182
1009972296000,1009972,1398519282334,9.80665,0.23154591,0.50395286
1010012296000,1010012,1398519282374,9.80665,0.19068487,0.53119355
1010052723000,1010053,1398519282414,9.80665,0.19068487,0.50395286
1010092357000,1010092,1398519282454,9.80665,0.19068487,0.53119355
1010123759000,1010124,1398519282485,9.80665,0.23154591,0.50395286
